video_id,video_timestamp,video_duration,video_locationcreated,suggested_words,diversificationLabels,video_diggcount,video_sharecount,video_commentcount,video_playcount,video_description,video_is_ad,video_stickers,author_username,author_name,author_followercount,author_followingcount,author_heartcount,author_videocount,author_diggcount,author_verified
7337796801665256734,2024-02-20T16:19:26,9.0,US,"Loaded Fries, Fries, chicken fried, Loaded French Fries, Food To Eat, Animal Style Fries, Messy Bun With Bangs, Fries From Potatoes, Fries Recipes, Home Fries","Cooking,Lifestyle",24100.0,7190.0,35.0,442900.0,Bangin Buns. ğŸ”¥ #banginbuns #hotchicken #loadedfries ,False,,banginbuns,Bangin Buns,,,,,,False
7344732962845429034,2024-03-10T09:55:51,5.0,US,,"Sports News,Sport & Outdoor",7234.0,162.0,522.0,209400.0,Is DAVE VOTING RED THIS YEAR?! HE BETTER. #americafirst617 #fyp #trump #donaldtrump #ufc299 #daveportnoy #barstoolsports #miami #miamibeach ,False,,americafirst617,AmericaFirst617,,,,,,False
7345958018644708650,2024-03-13T17:09:14,11.0,US,"pierson and brent, pierson, jackets, brentrivera and pierson, jacket outfit, brent and pierson you can be the cash, brent rivera, andrew","Lip-sync,Performance",302800.0,4763.0,270.0,2900000.0,Reallyâ€¦ @Pierson ,False,,brentrivera,Brent Rivera,,,,,,True
7334501338652413189,2024-02-11T19:11:13,13.0,EG,,"Traditional Sports,Sport & Outdoor",527200.0,3471.0,15000.0,5100000.0,It just wasn't meant to be. ğŸ˜•ğŸ‡³ğŸ‡¬ #TotalEnergiesAFCON2023Final #AFCON2023 #AFCON #SportsOnTikTok ,False,,caf_online,CAF_Online,,,,,,True
7359026320099020037,2024-04-17T22:20:39,27.0,PH,,,315.0,14.0,9.0,5539.0,ğŸ¦ˆğŸ¥ğŸˆâ€â¬› ğŸª¼ ur sign to get a new mousepad #desksetup #cutefinds #budolfinds #budolph #deskreset #desktour #gamingsetup #mousepad #deskmat #aesthetic #deskmakeover #desk #fyp,False,,hellooo.aya,hello aya à¾€à½²,,,,,,False
7346579685993630996,2024-03-15T09:21:42,13.0,KR,,"Celebrity Clips & Variety Show,Entertainment",170100.0,311.0,605.0,1200000.0,#ItsMyWISHÂ Ï‰â™—â“¢â™„ it upğŸ–¤ğŸª½ #RIKU #ë¦¬ì¿  #ãƒªã‚¯ #NCTWISHÂ #WISH #NCTWISH_WISH #ì˜¤ë§ˆì´ê±¸Â #OHMYGIRLÂ #OMG #ìœ ì•„Â #YooA,False,,official_nct,NCT Official,,,,,,True
7336323166236757294,2024-02-16T17:01:15,6.0,US,"dad walk from hospital, dad walk, kids visit to see dad, dad walk out with newborn, the dad walk from hospital with baby, The Way He Walks","Family,Family & Relationship",103500.0,4885.0,529.0,1100000.0,@Mikey Moranville  ,False,,kayleighmoranville,Kayleigh,,,,,,False
7360071061595065605,2024-04-20T17:54:46,15.0,PE,,Random Shoot,13.0,0.0,0.0,237.0,,False,,teresasalazarsala8,teresasalazarsala8,,,,,,False
7343001838003768618,2024-03-05T16:57:33,89.0,US,"Pop Tarts, sebastien, homemade pop tarts, nara smith curl, grilled cheese, nara smith ice cream, cooking videos, Cooking Videos TikTok, Cooking Food Videos, pop tart bowl","Cooking,Lifestyle",4900000.0,28400.0,33600.0,30500000.0,these were so good that I want to name my first child pop tart what do you guys think ğŸ¤­,False,,ayesebastien,Sebastien,,,,,,True
7348545962035399978,2024-03-20T16:31:57,6.0,US,"canmake marshmallow, canmake powder, chalet tilbury pressed powder, canmake marshmallow powder, Douyin Makeup, Pressed Powder, Charlotte Tilbury Powder, Setting Powder, best pressed powder, charlotte tilbury flawless powder","Beauty,Beauty & Style",18000.0,60.0,136.0,169800.0,truly the best pressed powder out there idc idc!!!ğŸ˜«ğŸ˜« the dupes donâ€™t hit the sameâ€¦  #chinesemakeup #chinesemakeuplook #douyinmakeup #douyinmakeuplook #pressedpowder ,False,,skybxyy,sky â‹†Ë™âŸ¡â™¡,,,,,,False
7358817293196872966,2024-04-17T08:49:30,5.0,MC,,,1507.0,195.0,36.0,9395.0,#fyp #viral ,False,,lalacountrys,AmarğŸ¤,,,,,,False
7351504547858189611,2024-03-28T15:52:51,27.0,US,"Keemokazi, sophie hesri, keemokazi sisters, keemokazi girlfriend sarah, sophie and keemokazi, kiss scene, kiss romantic video, mgk and sophie, shawty what's the move keemokazi, keemokazi kisses his sis","Pranks,Performance",402400.0,6165.0,3037.0,4200000.0,That was TOO MUCH information ğŸ˜‚,False,,keemokazi,KEEMOKAZI,,,,,,True
7344727060050496811,2024-03-10T09:33:05,13.0,US,,,18600.0,1524.0,1495.0,307000.0,TRUMP AND JOE BURROW AND NICK BOSA! THE BOYS!!! #americafirst617 #fyp #trump #donaldtrump #ufc299 #joeburrow #nickbosa #joeburrowedit #joeshiesty #bengals #niners #danawhite ,False,,americafirst617,AmericaFirst617,,,,,,False
7327392260943908142,2024-01-23T15:25:09,10.0,US,"ivan young dress, ivan young, Wedding Dress, ivan young dress hijab, Vivienne Westwood Wedding Dress, wedding, vivienne westwood, Black Wedding Dress, Vivienne Westwood Dress, vivienne wedding dress","Outfit,Beauty & Style",3400000.0,48500.0,11700.0,21200000.0,Ivan Yong | ğŸŒ¨ï¸    #wedding #weddingdress #dresses #iconicdress #dresstok #tiktokfashion #fyp #fypã‚· #foryou #cinderella #cinderelladress #barbie #swanlake #viviennewestwood #ivanyong ,False,,bitchettez,ğŸ’‹,,,,,,False
7352880879674346795,2024-04-01T08:54:12,6.0,US,"cybertruck, cybertruck fail, Cybertruck Crash Test, Truck Show, cybertruck interior, inside cybertruck, Tesla Cyber Truck, tesla cybertruck crashing test, Truck, cyber truck tesla interior",Random Shoot,465500.0,47800.0,2598.0,8200000.0,#ğŸ˜‚ğŸ˜‚ğŸ˜‚ #lapantallanosedaÃ±a ,False,,hemersonflorz503,hemersonflorzs503,,,,,,False
7342131079178128686,2024-03-03T08:39:33,8.0,US,"Olivia Rodrigo, crumblcookies, olivia rodrigo cookie, crumbl cookie review, olivia rodriguez crumbl cookie, Cookies, crumbl, Crumbl Review, Cookie Review, crumblcookies guts","Food Tour & Recommendations,Lifestyle",39500.0,279.0,111.0,929700.0,This sound ğŸ˜­ #gutsoliviarodrigo #gutsworldtour #oliviarodrigo #crumblreview #crumblcookies #guts #fyp #CapCut ,False,,constanceiam,ğŸ¦‹ Constance,,,,,,False
7341623021767052586,2024-03-01T23:47:21,17.0,US,"do you miss me football, do you miss me volleyball, do you miss me basketball, do you miss me, do you miss me soccer, Footballers, Football Player, Soccer, Soccer Player, Football TikTok","Traditional Sports,Sport & Outdoor",57700.0,5109.0,536.0,499000.0,@david @alexis. #football #fyp #futbol #Soccer #gurgurfilms ,False,,itz_luis.herz,Luis,,,,,,False
7359017923647753479,2024-04-17T21:48:06,11.0,SA,,,358.0,0.0,0.0,1177.0,#CapCut mash Allah,False,,shahbazkhanabbasi8,ğŸ‘‘ğŸ‘‘KingsğŸ‘‘ğŸ‘‘,,,,,,False
7341376172061625606,2024-03-01T07:49:02,8.0,UG,,Performance,43500.0,2813.0,1073.0,469300.0,#fyppppppppppppppppppppppp #fypã‚·ã‚šviral #kadamasaudiağŸ‡¸ğŸ‡¦ #restaurant #northcarolina #dubaiğŸ‡¦ğŸ‡ª ,False,,certified_dilah,Certified_dilah,,,,,,False
7330335200347573512,2024-01-31T13:44:35,8.0,JP,,Nature,130600.0,150.0,583.0,650500.0,Inst : son_leo_,False,,mom_leo_,LEO MOMğŸ’›,,,,,,False
7336767612707261738,2024-02-17T21:45:51,16.0,US,"Chocolate Strawberry, brownies recipe, gabs the strawberry chocolate video, the strawberry chocolate video, dessert, Dessert Recipes, Easy Dessert Recipes, Baking Recipes, Chocolate Covered Strawberries, gabs strawberry and chocolate","Cooking,Lifestyle",1300000.0,22500.0,5541.0,12800000.0,Save this for your next dessert recipe and thank me later ğŸ¤ŒğŸ¼ #dessert #recipe #chocolatecoveredstrawberries #fyp #foryou ,False,,callieguerra,Callie Guerra,,,,,,False
7355673433931287850,2024-04-08T21:29:58,7.0,US,"What's Up Brother, sketch, Whats Up Brother It's Tuesday, Tuesday Sketch, tuesday tuesday, whats up brother it's tuesday original, sketch what's up brother, tuesday tuesday sketch, original whats up brother, wassup brother","Lip-sync,Performance",447800.0,23700.0,3941.0,3000000.0,Our personalities for the last week #fyp #sketch #whatsupbrother ,False,,.kenzielewis,kenzie,,,,,,False
7331942372697328938,2024-02-04T21:41:35,9.0,US,"Dodgeball, adultdodgeball, how to throw a foam dodgeball with power, people raging in dodgeball, how to throw a dodgeball, How To Throw A Dodgeball With Power, professional dodgeball, how to throw a dodgeball hard, competitive dodgeball, dodgeball god mode","Traditional Sports,Sport & Outdoor",1200000.0,7356.0,3590.0,10100000.0,its just dodgeball bro ğŸ˜­ #fyp #xyzbca #viral #yoboysamson #edit #dodgeball #wild #nfl ,False,,shimmyaaaah,yoboysamson,,,,,,False
7359307025915874566,2024-04-18T16:29:57,19.0,BR,,Random Shoot,4.0,0.0,0.0,307.0,,False,,user37518047343940,Leandro,,,,,,False
7357307443900173569,2024-04-13T07:10:37,9.0,US,,Random Shoot,105.0,0.0,4.0,367.0,#mqmleadbyaltafhussain #altafhussainbhaiğŸ‡§ğŸ‡¬ğŸ”—âœŒ #altaf #hussain #bhai #mqm #foryou #foryoupage #foryoupageofficiall #tiktok #trend #trending #trendingvideo #1millionaudition #100k #7 #777 #70s #90s #90 #altaf @Altaf Hussain Official ,False,,mqmsectorchyd,Ø§ÛŒÙ… Ú©ÛŒÙˆØ§ÛŒÙ… Ø³ÛŒÚ©Ù¹Ø± C Ø­ÛŒØ¯Ø±Ø¢Ø¨Ø§Ø¯Ø²ÙˆÙ†,,,,,,False
7360009226862873861,2024-04-20T13:54:49,15.0,PE,,Random Shoot,8.0,0.0,0.0,209.0,#â¤ï¸ #paratiiiiiiiiiiiiiiiiiiiiiiiiiiiiiii ,False,,rolando_lanazca_11,lanazca huaira R,,,,,,False
7340501910652308778,2024-02-27T23:16:36,32.0,US,"how to curl hair, How To Curl Hair Straightener, curl with straightener, Curling Hair Tutorial, how to curl in flat iron, How To Straighten Hair, curling iron, beach waver curler, Hair Curler, ella bella curling iron","Hair,Beauty & Style",1100000.0,8225.0,979.0,19900000.0,the end result omg ğŸ¥² curling iron is by Ella Bella from Amazon ğŸ€âœ¨ #hairtok #curlingiron #clampcurlingiron #hottools #hairturtorial #fyp #fypã‚· ,False,,audreyvictoria_,Audrey Victoria,,,,,,True
7353221855622335750,2024-04-02T06:56:22,25.0,ID,"fudgy brownies, Brownies, resep fudgy brownies, brownies recipes, brownies air fryer, brownie de chocolate, brownies instan, How To Make Brownies, Cookies Recipes, Felix Brownies Recipe","Cooking,Lifestyle",915000.0,44200.0,1606.0,13200000.0,Full Recipe â¬‡ï¸ Fudgy BrownieğŸ¤ Recipe @dapurumi_channel  Bahan - bahan / Ingredients: 225 gr Dark Cooking Chocolate 75 gr butter 60 ml minyak goreng / cooking oil 3 telur / eggs 210 gr gula / sugar 1/2 tsp garam / salt Vanilla extract  150 gr tepung protein sedang / all purpose flour 53 gr cocoa powder Notes: 1. Panggang selama 10-15 menit (api atas bawah) pada suhu 180Â°C. 2. Kemudian panggang kembali selama 20 - 30 menit (api bawah) pada suhu 160Â° C. #recipe #easyrecipe #brownie #homecafe #fyp ,False,,miahomecatfe,Mia,,,,,,False
7336245546249653547,2024-02-16T12:00:16,51.0,GB,,"Social Issues,Society",3557.0,180.0,244.0,211300.0,"Alexei Navalny has died, the Russian prison service announced Friday. His wife Yulia spoke at the Munich Security Conference, where she said ""We cannot trust Putin and the Putin government. They always lie,"" adding ""but if this is true, I want Putin, his entire entourage, Putin's friends, his government to know that they will bear responsibility for what they did to our country, to my family, to my husband. And this day will come very soon."" #breakingnews #alexeinavalny #putin #russia ",False,,dailymail,Daily Mail,,,,,,True
7328908607326571818,2024-01-27T17:28:56,28.0,US,"arizona gas price, 100 octane gas, gas prices in arizona, Lamborghini, Lamborghini Car, cars, koenigsegg, Arizona Car, Arizona, lamborghini aventador","Cars, Trucks & Motorcycles,Auto & Vehicle",336200.0,1972.0,3385.0,3400000.0,Arizona gas prices tho what can you do ğŸ¤·â€â™‚ï¸ #koenigsegg #lamborghini ,False,,thestradman,TheStradman,,,,,,True
7360386897736207624,2024-04-21T14:20:29,5.0,AU,,"Lip-sync,Performance",269.0,2.0,9.0,519.0,drafts.,False,,wsgwitit20,Desmond,,,,,,False
7357991940442443013,2024-04-15T03:26:43,12.0,GB,"mountain descent filter, kawasaki cargo, mountain descent, kawasakisaki, mountain filter, Filter Challenge, mountain, Mountain Hiking, Upside Down Filter, Mountain View","Non-Video Games,Entertainment",164100.0,981.0,6738.0,8400000.0,Mountain descent challenge is difficult #whoknowspraise #filterchallenge #viral #fyp #mountain #descent #mountaindescent ,False,,whoknowspraise,Praise,,,,,,False
7357031873895353642,2024-04-12T13:21:33,6.0,US,"first that b hates me then cardi b, mary kate moulton young, mary kate moulton, enough cardi b, Cardi B And Natalie Nunn, first that b hates me then, Cardi B And Offset, cardi b like what, cardi b mom speaking spanish, Cardi B Performance","Lip-sync,Performance",2100000.0,125000.0,8014.0,15800000.0,#drama ,False,,marykatemoulton,MaryKate Moulton,,,,,,False
7359894090877635845,2024-04-20T06:28:02,7.0,MX,,"Music,Entertainment",60.0,0.0,0.0,698.0,Esa miraditağŸ˜ #fyp #parati #malilla @El Malilla @elmalibaby ,False,,karlalalaaaaa,Karlaâ¤ï¸â€ğŸ”¥,,,,,,False
7329046126693289218,2024-01-28T02:22:20,24.0,AU,,"Sports News,Sport & Outdoor",12800.0,39.0,32.0,316600.0,As cool as a...carrot ğŸ¥• ğŸ‘€ @Carota BoysğŸ¥•  @Bondi Sands â€¢ #StayCoolUnderPressure â€¢ #BondiSands ,False,,ausopen,Australian Open,,,,,,True
7353031065021238571,2024-04-01T18:36:08,59.0,US,,"Non-Video Games,Entertainment",223600.0,53600.0,930.0,1400000.0,am i cooked,False,,camfant,cam ğŸ¦¸ğŸ¼,,,,,,False
7331122913946438955,2024-02-02T16:41:42,10.0,US,"Football Videos, ref blows whistle early, Football Clips, Football Player, football athletes, fan blows whistle in stadium, jaiden.leonard2, Football Moments, Footballers, fotball","Traditional Sports,Sport & Outdoor",365000.0,303.0,1955.0,5600000.0,(via jaiden.leonard2/IG) #football #ref #sports #highschool ,False,,espn,ESPN,,,,,,True
7346370930186341678,2024-03-14T19:51:25,10.0,US,"daddy's just great but he lies, glass bottle, Glass Water Bottle, water bottle, glass cups, glass bottle vending machine, Snapple Glass Bottle, Water Bottle TikTok, daddy's just great but he lies cosplay",Performance,649800.0,23700.0,2557.0,2500000.0,grr wheres my child i need to give him a knuckle sandwich #fyp #daddyisjustgreat #bottle #glass ,False,,at1vz,%%atlvz%%,,,,,,False
7359023615884496129,2024-04-17T22:10:14,10.0,US,,Random Shoot,128.0,0.0,0.0,311.0,For You trick#foryou. #viralvideos#10million#view  unfrezzmyaccunt#hrn-editz,False,,malikshajaralipur,Ù…Ù„Ú©  Ø´Ø¬Ø±  Ø¹Ø¨Ø§Ø³ Ú¯Ú¾Ù„Ùˆ Ø¹Ù„ÛŒ Ù¾ÙˆØ±,,,,,,False
7342172600455449899,2024-03-03T11:20:02,10.0,US,"what happens if you miss your flight, Airport, airport look, flight, Family Travel, airport tiktok, Thuglife At Airport, Airport Vibes, Airport Security, airport push","Family,Family & Relationship",826000.0,847.0,1297.0,6800000.0,found this in my drafts of when my dad didnt drive us to the airport in time and im crying #fyp #relatable #airportdad ,False,,_giannalove,gianna,,,,,,False
7350358764765121823,2024-03-25T13:46:55,17.0,US,"kawasaki cargo, basketball moves, basketball, pro hop basketball, pro hop, Basketball TikTok, hops, basketball skills, Basketball Players, Basketball Tips","Traditional Sports,Sport & Outdoor",40500.0,380.0,432.0,677600.0,Open to debate that these are all clean. #ballislife #hoopersoftiktok #nba #basketballplayers #dunk #fypã‚· #viral ,False,,fitwsean,Sean McCurdy,,,,,,False
7356167772407205163,2024-04-10T05:30:18,6.0,US,"when you're ready to leave the class, roblox animation, animation, Pork Chop Animation, Life Is Like Roblox, scary roblox games, ascent roblox, chop chop, life is roblox, roblox games to play","Video Games,Entertainment",272100.0,31300.0,7043.0,1600000.0,chop chop bucko #pmdamiann #roblox #robloxanimation #fyp #fypdoesntworkbutidoitanyways ,False,,pmdamiann,PMdamiann,,,,,,False
7354471424477777195,2024-04-05T15:45:52,19.0,US,"harry daniels josh hutcherson, national anthem lana del rey, national anthem, harry daniels luke hemmings, harry daniels sabrina carpenter, harry daniels billie eilish, tell me i'm your national anthem, josh hutcherson can i sing for you, singing to josh hutcherson, harry daniels sabrina","Singing & Instruments,Talents",4000000.0,559700.0,44100.0,19000000.0,WE DID IT JOE #joebiden #lanadelrey ,False,,harry.daniels,harry daniels,,,,,,True
7355653299682495790,2024-04-08T20:11:54,15.0,US,"jojo siwa music video, eclipse glass, eclipse shadows, shadows during eclipse, eclipse traffic, eclipse los angeles, eclipse october 14, Jojo Siwa Impression, eclipse november 8, solar eclipse october 14th","Finger Dance & Basic Dance,Talents",905500.0,67000.0,3178.0,5900000.0,so weird ,False,,ayesebastien,Sebastien,,,,,,True
7359858311258262791,2024-04-20T04:09:13,16.0,AU,,"Video Games,Entertainment",4.0,0.0,3.0,269.0,My user is: wsgimyaan #roblox #fyp #korblox #headless #firstvideo #robloxedit #xyzbca #fyppp #foryoupage #savingup #savingforheadless #renagaderaider #avater #robloxfyp #robloxstory #robloxgames #studio #games #betakotonai #qwertyuiopasdfghjklzxcvbnm #lol #robux ,False,,saavinguppforheadless,zzxvx,,,,,,False
7345468827741867295,2024-03-12T09:30:53,7.0,FR,"hair transformation, hair transition, short hair, Pink Hair, My Hair, hair cut transformation, Hair Transformation Transition, Hair Change Transition, Short Hair Transformation, Pink Hair Transformation","Hair,Beauty & Style",61100.0,237.0,200.0,1700000.0,Using humor to cope w the fact that the back layer of my hair is gone #relatable #hairtransformation #hairtok #pinkhair #nana ,False,,olybre,Bree â‹†Ë™âŸ¡â™¡,,,,,,False
7342693353319976198,2024-03-04T21:00:26,27.0,KE,"vr headset, Vr Games, Virtual Reality Games, virtual reality, vr treadmill, Vr Recommendation, i tested an unreleased virtual reality game, live service game, Best VR Treadmills, people playing vr running into stuff",Performance,115100.0,1724.0,859.0,6700000.0,Best vr reaction  enjoy vr Games in Moyale timeless gaming lodge ğŸ˜‚ğŸ˜‚ğŸ˜‚ğŸ˜‚ğŸ˜‚#fyp #treading #viral #treading ,False,,jvirtuix8,J virtuix park entertainment,,,,,,False
7359912830927244545,2024-04-20T07:40:53,32.0,AU,,Random Shoot,19.0,1.0,10.0,245.0,#CapCut ,False,,rosesaikun,Rose Saikun,,,,,,False
7327093253046537514,2024-01-22T20:04:18,5.0,US,"back cracks, Calisthenics, Calisthenics Exercises, stretch exercises, Back Stretches, Stretches For Flexibility, Flexibility Exercises, Back Cracking Device, Flexibility Workout, Back Bone","Fitness,Sport & Outdoor",147200.0,3852.0,791.0,18200000.0,She was like ğŸ˜± #backcrack #stallbars #stretch #flexibility #Calisthenics101 ,False,,lamainethetrain,LaMaine Williams,,,,,,False
7329216981129825566,2024-01-28T13:25:44,8.0,US,"italian husky, Cat Meowing, French, cat sound attracts cat, Husky, Cat Sounds, French Speaking, cat memes, cat talking, meow cat sound","Pets,Nature",10600000.0,461900.0,76200.0,62800000.0,Rrrreow ğŸ¤Œ #frenchcar #france #kitty #cat #catmeme #elgato #heisfrench #frenchcat #catmeme #meme #gato #wiwigato #silly #car #silly car,False,,wiwigato,wiwigato,,,,,,False
7337379732138495278,2024-02-19T13:21:14,6.0,US,"ai generated video, sora ai, ai videos, ai memes, Dementia Funny Videos, ai generated images, Photoshop Ai Meme, AI Animation, Ai Converting Image, relatable memes",Performance,264100.0,12700.0,2664.0,1200000.0,ğŸ˜ˆ #fyp #fypã‚· #viral #real #memes #remarcooo ,False,,remarcooo,remarcoooâ„¢,,,,,,False
7329622096005319982,2024-01-29T15:37:39,14.0,US,,"Beauty,Beauty & Style",222100.0,2132.0,1805.0,3700000.0,drop a w in the chatâ€¼ï¸ #patmcgrath #glassskin #margiela #johngalliano #kryolanglass #acarusbeauty ,False,,acarusbeauty,Carlos RaÃºl,,,,,,False
7346261636346350894,2024-03-14T12:47:18,26.0,US,"waking up from bed, New York At Night, Wake Up Phonk, time square new york crymua, Wake Up In The Morning, wake up trend, wake up ybn nahmir, wake up it's a long night darling","Social Issues,Society",40900.0,2771.0,2005.0,147200.0,Wake up. ,False,,nyxnyc,Nyx,,,,,,False
7341261621597179141,2024-03-01T00:24:32,10.0,US,"notsadiemckenna, paint, Paintings, Paint Art, Paintings On Canvas, Canvas Painting, Portrait Painting, painting pictures, painting wall, Paint Pouring On Canvas",Performance,74600.0,149.0,82.0,1300000.0,i thought we were being serious,False,,sadieemckennaa,sadie mckenna,,,,,,False
7354159156951125294,2024-04-04T19:33:40,10.0,US,"melanie leeks, Julian And Melanie, melanie leeks twitter, Julian, jay and melanie, melanie video tape, drawing on my hand, tbhcacagirl ex, Drawing On Yourself, drawing","Lip-sync,Performance",3200000.0,40100.0,5063.0,19900000.0,#foryoupage heâ€™s too nice to me ğŸ˜‚,False,,tbhcacagirl,Melanie,,,,,,False
7360295918442188037,2024-04-21T08:27:20,7.0,BF,,Random Shoot,19.0,0.0,0.0,143.0,#CapCut ,False,,ilassabelem07,"fils,ğŸ’¯ belem ğŸ’¥ğŸ’¯ğŸ†—",,,,,,False
7343033341123382559,2024-03-05T18:59:53,26.0,US,"Coffee Cake, crumb cake, Baking Cake, recipes of tiktok, Crumb, Coffee Cheesecake, Crumb Coating Cake, coffee, mini cake, Cake Decorating","Cooking,Lifestyle",20000.0,1247.0,113.0,335300.0,coffee cake? crumb cake? what do you call it?? ,False,,butternutbakery,Jenna | Butternut Bakery,,,,,,False
7340754557351382315,2024-02-28T15:37:31,6.0,US,"crying when laughing, how to stop crying when laughing, cry, laughing without smiling, Laughing Out Loud, people laughing without smiling, laughing without expression, Laughing In Serious Situations, laughing crying filter, silent laughing","Diary & VLOG,Lifestyle",305000.0,5830.0,1849.0,1700000.0,this is a serious problem how do I stop it #relatable #fyp ,False,,_giannalove,gianna,,,,,,False
7335145252527033646,2024-02-13T12:50:36,5.0,US,,"Traditional Sports,Sport & Outdoor",15200.0,26.0,56.0,233900.0,How many tries? ğŸ˜³ (via @è—¤æœ¬ æ‚ å¹³) #football #futbol #basketball #trickshot ,False,,espn,ESPN,,,,,,True
7343670982638423326,2024-03-07T12:15:24,8.0,US,"portable straw, Shooter Straw, disposable straws, Straw Phonation, straw in glass, straw for chaser, shooter straw hunting, Mugs With Straw, Life Straw, Straw Water Bottle",,17300.0,100.0,361.0,1300000.0,Good things.,False,,ratehfd1,Albert Hous,,,,,,False
7360137751414541574,2024-04-20T22:13:35,19.0,ID,,"Video Games,Entertainment",102.0,2.0,9.0,4406.0,,False,,s4melezs,Holocaust,,,,,,False
7359555307632119046,2024-04-19T08:33:22,12.0,NG,,,23.0,0.0,0.0,163.0,#CapCut ,False,,callmehardio2,Hardio ğŸ¥°ğŸ¥°,,,,,,False
7327804304620932394,2024-01-24T18:03:42,18.0,US,,"Cars, Trucks & Motorcycles,Auto & Vehicle",21800.0,628.0,1365.0,929800.0,Otra trampa en fort worth northside. Another bait truck in fort worth. ,False,,alejandrogp011,Alejandro,,,,,,False
7360060338626186514,2024-04-20T17:13:27,13.0,US,,"Comics & Cartoon, Anime,Entertainment",1104.0,24.0,13.0,3466.0,Ğ¿ĞµÑ€ĞµĞ·Ğ°Ğ»Ğ¸Ğ² Ñ‚Ğº Ğ·Ğ²ÑƒĞº ÑƒĞ´Ğ°Ğ»Ğ¸Ğ»Ğ¸ğŸ˜­ğŸ˜­ #animatic #artist ,False,,yarisiro0,yarisiro,,,,,,False
7342048744268926215,2024-03-03T03:19:00,0.0,KR,"nct wish, nct official, sakuya nct wish, ryo and sakuya, sakuya voice, nct, sakuryo, ryo nct wish","Lip-sync,Performance",187100.0,1407.0,1458.0,806700.0,â‹†.Ëšã‚‚ã—ã‚‚ã—ã¾ã  Iâ™¥ï¸Uâ‹†.Ëš #RYO #SAKUYA  #ë£Œ #ì‚¬ì¿ ì•¼  #ãƒªãƒ§ã‚¦ #ã‚µã‚¯ãƒ¤  #NCTWISH #WISH #NCTWISH_WISH ,False,,official_nct,NCT Official,,,,,,True
7339746717992045870,2024-02-25T22:26:20,29.0,US,"rebecca heavener, rebecca heavener doorbell, Helping People Videos, ring doorbell prank, underhand knock on door, Camera Doorbell, blink doorbell camera, scaring people prank, People Scaring Other People, Scaring People","Social Issues,Society",260600.0,5511.0,2039.0,7200000.0,,False,,keepingupwithamandaj,keeping up with Amanda J,,,,,,False
7336480690331995438,2024-02-17T03:13:09,9.0,US,"i love a keyboard, i love you keyboard a, i love i, Keyboards, mechanical keyboard, Keyboard Switches, Cool Keyboards, Led Keyboard, Clicky Keyboard, Quiet Keyboard","Tech Products & Infos,Culture & Education & Technology",1300000.0,46300.0,18200.0,22600000.0,#keyboard #trend #blur #mechanicalkeyboard ,False,,hiihappydv,Hiiihappycore,,,,,,False
7334077169091546398,2024-02-10T15:45:45,6.0,US,"people with straight hair saying they have curly hair, curly hair routine, Curly Hair, Blowout Brush, 1a Hair, wavy hair routines, straightening my hair, sloane curly hair, straightening water hair, straighten curly hair","Lip-sync,Performance",2300000.0,9628.0,4748.0,19300000.0,I always cave and wear it straight ğŸ˜­ curly hair is so hard to mantainnn #fyp #sloanestylee #curly #hair #viral #girls #wavyhair ,False,,sloanealex_,SLOANE ğŸ˜,,,,,,False
7358454176839404806,2024-04-16T09:20:24,12.0,BR,,Random Shoot,20.0,0.0,0.0,164.0,Vou postar normalmente!ğŸ€ğŸ§¸,False,,bang_chana03,ğŸ€<bangsaura>ğŸ€,,,,,,False
7359652382826892549,2024-04-19T14:50:05,6.0,BW,,"Lip-sync,Performance",30.0,0.0,0.0,217.0,#jump  #ticktockbotswanağŸ‡§ğŸ‡¼ #fyp ,False,,thato_abby3,tâ¤ï¸,,,,,,False
7354143197913926958,2024-04-04T18:31:49,67.0,US,"school nurse be like, school nurses, pov school nurse, school nurses are so rude, pov nurses be like, nice school nurse, asmr school nurse, pov school nurse be like, Nurse, Nurse Tiktok Videos","Scripted Comedy,Performance",171900.0,11400.0,3398.0,1200000.0,#fyp ,False,,cameronrohpovs,Cameron Roh,,,,,,False
7340436925418917126,2024-02-27T19:04:18,18.0,CA,"dishwasher, washing hats, Dishwasher Cleaning, cleaning hacks, Hat Cleaning Hacks, Dishwasher Hacks, How To Wash Hats, hats, Dishwasher Tips, Tiktok Cleaning Hacks","Outfit,Beauty & Style",20200.0,6346.0,249.0,1900000.0,The dishwasher is my favorite way to wash my hats ğŸ§¢  Make sure the detergent youâ€™re using doesnâ€™t have bleach if youâ€™re washing black or colored hats. Use the shortest and coolest setting on the dishwasher and turn of the heat dry cycle. ğŸ‘ Works great for me! #cleaninghacks #dishwasher #hat ,False,,ken.c.long,Ken.C.Long - Home Tips,,,,,,False
7340829920186109191,2024-02-28T20:29:24,5.0,AU,"reneÃ© rapp, Rachel Sennott, Friends Edits, kat dennings, Old Besties, best friends whenever, ReneÃ© Rapp Singing World Burn As Regina George, reneÃ© rapp singing, renee rapp mean girls, renee rapp world burn",Performance,635300.0,68000.0,9989.0,3400000.0,ğŸ˜­ğŸ˜­ #foryou #foryoupage #fyp #bestfriend #bestfriends #bff #viral #trend ,False,,mustberavenclaw,Courts â˜†,,,,,,False
7347804390323146030,2024-03-18T16:34:18,10.0,US,,"Lip-sync,Performance",20100.0,187.0,213.0,290200.0,Like damn â€¦ whats wrong with virgos ? We love everybody! ğŸ˜­ğŸ’š#ehoneyyy #virgo #zodiacsigns #fyp ,False,,e.honeyyy1,Eliseee ğŸ’›,,,,,,False
7332586985107770666,2024-02-06T15:22:43,5.0,US,"finding middle school notes, elementary school drama, reading notes passed by my students, elementary drama, finding elementary notes, school officer, teachers of tiktok, teacher teaching, a teacher, teacher that reads sticky notes from her students",Performance,294100.0,3394.0,2259.0,1900000.0,Oh Lawd! CREDIT: @Derrick Capps #justforfun #elementaryschool #schoolresourceofficer #sro #copsoftiktok #policeofficer #foryoupage #school #police #teacher ,False,,officerwright2.0,Officerwright2.0,,,,,,False
7333810987616718123,2024-02-09T22:32:34,25.0,US,"Placebo Effect, placebo effect prank, fake party video results placebo effect, placebo, The Placebo Effect, placebo effect with drink, placebo effects drink prank, placebo effect explained, funny pranks, Making Sound Effects On People Prank",Performance,3100000.0,32200.0,9660.0,22100000.0,placebo effect smh ğŸ˜”,False,,urting.pissy.flame,urting.pissy.flame,,,,,,False
7328975125515177258,2024-01-27T21:47:06,17.0,US,,"Social Issues,Society",5615.0,197.0,2658.0,358700.0,"Speaking at a #SouthCarolina Democratic Party dinner, President #Biden thanks the voters in the state for his 2020 primary win that paved his path to the White House. #politicaltiktok #politicstiktok #politics #newstiktok #news #elections",False,,msnbc,MSNBC,,,,,,True
7357374347872455942,2024-04-13T11:30:08,15.0,PH,"justcherrykeem, cherry karina, karina and kamila, cherry twin, karina and boyfriend, Kamila, what happened to karina and kamila, cherry keem, karina and heeseung, Karina And Hakken","Finger Dance & Basic Dance,Talents",864800.0,3623.0,1004.0,6200000.0,,False,,cherry_keem,Cherry Keem,,,,,,False
7337352005117021446,2024-02-19T11:33:12,8.0,VE,,,2574.0,22.0,81.0,77400.0,#EcuadorğŸ‡ªğŸ‡¨ #1993 #2024 #ğŸ‡ªğŸ‡¨ğŸ‡ªğŸ‡¨ #fyã‚· #foryou #100kğŸ”’â¤ï¸ #God #viral_video  #loveğŸ’ #foryourpage ,False,,obw_scute.92m,D.G34.ğŸŒ,,,,,,False
7346455013427940654,2024-03-15T01:17:45,27.0,US,"dior mascara, covergirl mascara, CoverGirl Lash Blast Mascara, clumpy mascara, dior mascara price, dior show mascara, dior show waterproof mascara, dior waterproof mascara, Mascaras, Lash Mascara","Beauty,Beauty & Style",142100.0,568.0,287.0,917300.0,Replying to @lauren ,False,,doctor.z0idberg,dr.zoidberg,,,,,,False
7345531690191686954,2024-03-12T13:35:08,5.0,US,"Writing, fanfic, WriterTok",Performance,52900.0,107.0,327.0,270600.0,Gulp! #fyp #foryoupage #foryou #wattpad #writing #ghost ,False,,sparkyghoul,Sal (Swissâ€™s version),,,,,,False
7359093156618439937,2024-04-18T02:40:01,20.0,GE,,"Video Games,Entertainment",28.0,0.0,15.0,659.0,Ooo is My Aim Gettin Better?  #fyp #viral #fypã‚· #roblox #robloxaim #robloxdahood #dahood #dahoodaim #dahoodair #dahoodairshot #dahoodairshotted ,False,,nonbeatsz,NonBeats,,,,,,False
7342479375817870610,2024-03-04T07:10:05,17.0,JP,octpath,"Lip-sync,Performance",25300.0,393.0,197.0,355200.0,ãƒãƒªãƒãƒªã§ã‚„ã£ã¦ã¿ã¾ã—ãŸï¼ æ¥½ã—ã‹ã£ãŸç¬‘ç¬‘ï¼ #ãƒãƒ¼ãƒ å‹é” #åƒè‘‰é›„å–œ #teamtomodachi  #OCTPATH  #å¤ªç”°é§¿é™ #OtaShunsei #è¥¿å³¶è“®æ±° #NishijimaRenta #THme ,False,,octpath,OCTPATH,,,,,,True
7359433878206991621,2024-04-19T00:42:10,9.0,CO,,,18.0,0.0,0.0,237.0,Open de door #door  #bogota  #candelaria2024  #Viral  #father  #mom  #family  #capital ,False,,l.uisfer,L.uisfer,,,,,,False
7359076511103749382,2024-04-18T01:35:24,7.0,NG,,Random Shoot,79.0,0.0,4.0,1209.0,#CapCut #marycâ™‹ï¸ ,False,,nyeakamary,MARY Câ™‹ï¸,,,,,,False
7360303364212624657,2024-04-21T08:56:18,14.0,AZ,,Random Shoot,31.0,0.0,1.0,219.0,,False,,kamoletifli,Kamo Letifli,,,,,,False
7359907963257031942,2024-04-20T07:21:52,5.0,PH,,"Lip-sync,Performance",27.0,0.0,6.0,675.0,It's a #microinfluencer thing ğŸ’— #fyp #makeuptok #viral #beautyph #taylorswift ,False,,princessnicolezia,âœ¨ï¸ ğ™ğˆğ€ âœ¨ï¸,,,,,,False
7351522484606487854,2024-03-28T17:02:30,9.0,US,"K Shami, k shami height, k shami interview, Syrian Psycho, 5 11 height, height trend, me checking our height difference, checking height difference, match the height to the person, 5'4 next to 6'3","Diary & VLOG,Lifestyle",54800.0,235.0,1167.0,946300.0,"Replying to @mtx.dnl  trust me, thereâ€™s a difference ğŸ˜®â€ğŸ’¨ #syrianpsycho ",False,,syrianpsycho,K. Shami,,,,,,False
7346335763266686254,2024-03-14T17:35:17,6.0,US,"date right stuff freddy fazbear, Freddy Fazbear, Freddy Fazbear | Five Nights at Freddy's, Freddy Frostbear, The Right Stuff Scene, Nightmare Fredbear Five Nights at Freddy's, Is It Freddy Fazbear, well at least freddy fazbear, freddy five nights at freddy, freddy fazbear movie",Performance,324500.0,5804.0,10000.0,2900000.0,Rare right stuff W #fyp ,False,,daterightstuff,Date Right Stuff,,,,,,True
7326950736544189738,2024-01-22T10:51:45,19.0,US,"aerie flare pants, Aerie Flare Leggings, flare leggings, Leggings, Aerie, Flare Pants, Leggings Outfit, Flared Legging Outfit, flared patterned leggings, flare pants outfits","Finger Dance & Basic Dance,Talents",627100.0,2143.0,2744.0,3900000.0,@char ,False,,victoriaa.cardenas,torii,,,,,,False
7359681037733055749,2024-04-19T16:41:17,10.0,NG,,"Outfit,Beauty & Style",10.0,0.0,1.0,212.0,,False,,ariyostitches,ariyostitches,,,,,,False
7352601749938523434,2024-03-31T14:50:13,15.0,US,"crystal candy, How To Make Crystal Candy, Crystal Candy Recipe, wax candy, silky gem, giant crystal candy, silky gem crystal candy, wax candy asmr, silky gem honest review, asmr crystal candy","Oddly Satisfying,Lifestyle",95900.0,870.0,187.0,2000000.0,Cutting gems from The Moon Glass Collection. ğŸŒ˜ğŸ’ #Silkygem #crystalcandy #candy #snack #mutraucau #kohakutou #asmr #asmreating #snack #ediblegems ,False,,silkygem,Silky Gem | Crystal Candy,,,,,,False
7347169777103883566,2024-03-16T23:31:37,8.0,US,"lip gloss lil mama, Sturniolo Triplets, Sturnioloâ€™s, nick sturniolo, sturniolo funny moments, nicolassturniolo, Sturniolo Triplets Funniest Moments, the sturniolo triplets, matt sturniolo, lil mama",,1800000.0,41000.0,4661.0,10300000.0,#STURNIOLO || The fart machine ğŸ˜­ || #chrissturniolo #mattsturniolo #nicksturniolo #sturniolotriplets #blowthisupforme #viral || @Sturnioloâ€™s ,False,,jaz.th.200,ğŸ¸âœ¨jazminâœ¨ğŸ¸,,,,,,False
7339218670322732334,2024-02-24T12:17:11,13.0,SA,,"Traditional Sports,Sport & Outdoor",88700.0,993.0,1111.0,1500000.0,Ronaldo man whole muslim world Love you because you repect muslims you Help Palestine you are the best person on this earth #ronaldo #tiktok #fyp #MuslimUnity #IslamicGuidance #islamic_video #TikTokHalal #tiktokviral #viral ,False,,islamic_life919,Islamic_Life,,,,,,False
7344400803928493343,2024-03-09T11:26:19,20.0,US,"coffee bean brunette, brunette hair, coffee bean hair, brunettes, hair color, brunette with highlights, Brunette Hair Dye, Brunette Hair With Highlights, Hair Highlights, Coffee Beans","Hair,Beauty & Style",15200.0,449.0,37.0,246600.0,i love that you babes show so much support for my work on brunettes â˜•ï¸ğŸ«¶ğŸ¼ & tysm for 36k <3 #brunetteteasylights #coffeebeanbrunette #dimensionalbrunette #wellacolortouch #springhairtrends2024 ,False,,taylorhartmann_hair,taylorhartmann_hair,,,,,,False
7350119280618360095,2024-03-24T22:16:52,17.0,US,"led, led display screen, Led Screen, Led Display, LED Module, LED Light, LED Background Light, Putting Up LED Lights, Room With Led, LED Bulb Light","Tech Products & Infos,Culture & Education & Technology",129000.0,3071.0,965.0,16200000.0,Simple maintenance#milestrong #LEDdisplay #LEDscreen #LEDmodule #LEDinstallation,False,,milestrongled,Milestrong,,,,,,False
7349279358038756654,2024-03-22T15:57:44,43.0,US,,"Social News,Society",5336.0,96.0,354.0,160700.0,"As Princess Kate processes her cancer diagnosis, CBS News' Dr. Jon LaPook says it's important for the public to give her an opportunity to heal both medically and psychologically, which could take some time. #news #KateMiddleton #PrincessKate ",False,,cbsnews,cbsnews,,,,,,True
7356670953977384198,2024-04-11T14:00:36,8.0,MX,,"Beauty,Beauty & Style",76.0,7.0,69.0,254.0,#bellezasmakeupğŸ’ğŸ’„ #makeupqueensğŸ‘‘ğŸ’„ #makeupcolorsğŸ’„ğŸŒˆ #creciendojuntas #apoyo #amoelmakeup #colaboraciÃ³n ,False,,miriamn64,chapiz,,,,,,False
7329999238379621674,2024-01-30T16:01:19,5.0,US,,Performance,67100.0,77.0,188.0,975500.0,I ordered 8 moreğŸ˜©ğŸ¤£ #trend #fyp #kashtonparker #peanutbutter #peanutbutterreview #foryou #kashtonpaarker #foryoupage #kennedyashton #viral #snack ,False,,kashtonparker,KashtonParker,,,,,,False
7338468377859575058,2024-02-22T11:45:20,39.0,AZ,,"Scripted Comedy,Performance",1400000.0,73200.0,20100.0,37900000.0,ğŸ¤£ğŸ¤£ğŸ˜«#ayayuskazeyn ,False,,ayayuska,ayayuskağŸ¦,,,,,,False
7357762031556021546,2024-04-14T12:34:59,17.0,US,"chocolate cake mukbang, chocolate cake, matilda chocolate cake, matilda cake, chocolate mukbang, pastel de chocolate, chocolate cake asmr, Chocolate Desserts, Chocolate, food tok","Mukbangs & Tasting,Lifestyle",362900.0,32200.0,3603.0,3200000.0,Chocolate cake :p #bites ,False,,kittyfoodie,Kittyfoodie,,,,,,False
7342929051662683434,2024-03-05T12:15:08,7.0,US,"shut up count the calories, count your calories, shut up count your calories up, how to count calories, do you think she will like me, gymtok, Gym Tiktok, gym videos, Gym Workouts, Gym Workouts TikTok","Fitness,Sport & Outdoor",460200.0,2004.0,1780.0,4700000.0,One day #bigboy #weightloss #gym #amarsiapparel #gymtok ,False,,amarsiapparel,Amarsi Apparel,,,,,,False
7338688238455885058,2024-02-23T01:58:32,19.0,KR,"nct wish, nct official, wayv official, sion, ten nightwalker, NCT - Ten, riku nct wish, nct wish ten, ten predebut, Ten NCT Funny Moments","Dance,Talents",159800.0,968.0,1454.0,631000.0,ğŸ¤œbow down andâœŒï¸ #TEN #ææ°¸é’¦ #í… #Nightwalker  #SION #ì‹œì˜¨ #ã‚·ã‚ªãƒ³  #RIKU #ë¦¬ì¿  #ãƒªã‚¯ #NCT #WayV #å¨ç¥V #NCTWISH  #TEN_Nightwalker #TEN_TEN  #NCT_TEN_TEN,False,,official_nct,NCT Official,,,,,,True
7332261742065487135,2024-02-05T18:20:55,9.0,US,"derma roller hair growth, Derma Roller, Rosemary Hair Oil, Hair Growth, hair growth oils, Minoxidil Hair Growth, hair oiling, Derma Roller Hair, Hair Care For Hair Growth, hair growth journey","Hair,Beauty & Style",170500.0,4739.0,520.0,3900000.0,"stop using chemical based products to help your hair grow (which causes hair loss when u stop) and use natural products like castor oil, argon oil, olive oil and jojoba oil insteadğŸŒ±âœ¨ #wellness #hair #hairgrowth #scalpcare #hairgrowthtips #hairgrowthjourney #heathyhair #hairoiling #hairoilingroutine #hairoilforhairgrowth ",False,,mandanazarghami,Mandana,,,,,,False
7339673941197278494,2024-02-26T11:00:00,60.0,GB,,"Video Games,Entertainment",17100.0,61.0,354.0,798100.0,Minecraft Warden vs every possible golem #minecraft,False,,imqlode,Imqlode,,,,,,False
7336698447644364075,2024-02-17T17:17:26,8.0,US,"Drift Kart, Crazy Cart, drift kart for kids, Go Kart, razors crazy carts, mario kart real life, kmatzfd3s, evade map, electric go kart, tag a friend you would do this with","Extreme Sports,Sport & Outdoor",2800000.0,124800.0,330100.0,28300000.0,"Mario Kart in real lifeğŸ”¥ (kmatzfd3s, themini_86/IG) #playmaker #sports ",False,,sport,Sports by Playmaker,,,,,,True
7351216019874123051,2024-03-27T21:12:52,68.0,US,"Mini Cooking, happy birthday, slaughter island, mini food cooking, Island Of The Slaughter, heres a cake bcz its ur birthday, mini cooking text videos, miniature cooking, mini cooking drama, here's a mini cake for your birthday","Cooking,Lifestyle",1300000.0,372900.0,108900.0,13800000.0,#miniature #minicooking #minibakery #foryou #minicake #cutecake #tinycake #minikitchen #cakedecorating #decoratingideas #fyp #asmr #diy #yummycake #learnontiktok #viral #food #cooking #trending #relax #minifood #satisfyingvideo ,False,,minibakerychannel,Mini Bakery,,,,,,False
7354007822113410350,2024-04-04T09:47:12,5.0,US,"hostile architecture, Lil Droptop, droptop - ap dhillon, dinner with jay z",Performance,117400.0,17600.0,485.0,842700.0,#fyp #foryou #lildroptop #viral ,False,,lildroptop2.0,lilâ€‚droptop,,,,,,False
7337476068141452575,2024-02-19T19:35:15,24.0,US,"white chocolate macadamia cookies, macadamia cookies, Cookies, white chocolate cookies, white chocolate, Making Cookies, White Chocolate Desserts, macadamia, Chocolate Cookies, Making White Macadamia Nut Cookies","Cooking,Lifestyle",17300.0,588.0,50.0,205300.0,perfect white chocolate macadamia nut cookies âœ¨,False,,butternutbakery,Jenna | Butternut Bakery,,,,,,False
7326107143331925279,2024-01-20T04:19:04,13.0,US,"Madeira Island, madeira island girls, Madeira, Madeira, Portugal, mega american duet, Landing In Madeira, Island Girl Abby","Scenery & Plants,Nature",21700000.0,188200.0,81400.0,115100000.0,no way,False,,megaamerican,mega,,,,,,False
7341190849688128811,2024-02-29T19:50:04,11.0,US,"brittany broski, cause i billie eilish, billie eilish what was i made, brittany broski funniest moments, brittany broski singing french, brittany broski trump impression, brittany broski singing roslyn, trump impressions, Billie Eilish, french national anthem","Singing & Instruments,Talents",1500000.0,4384.0,6917.0,7300000.0,trump impression,False,,lostmymarblesagain,secret brittany,,,,,,False
7333734882759281921,2024-02-09T17:37:27,9.0,SA,,"Traditional Sports,Sport & Outdoor",29700.0,616.0,1235.0,2800000.0,#ÙƒØ±ÙŠØ³ØªÙŠØ§Ù†Ùˆ_Ø±ÙˆÙ†Ø§Ù„Ø¯ÙˆğŸ‡µğŸ‡¹ğŸ–¤ #Ø§Ù„Ù†ØµØ±_Ø§Ù„Ù‡Ù„Ø§Ù„ #ÙƒØ£Ø³_Ù…ÙˆØ³Ù…_Ø§Ù„Ø±ÙŠØ§Ø¶ #ØªØ§Ù„ÙŠØ³ÙƒØ§ğŸ‡§ğŸ‡· #ØªØ±Ù†ÙŠØ¯Ùˆ_Ø³Ø§Ù„Ù…ğŸ‡¸ğŸ‡¦ğŸ‘‘ğŸ”¥ #fyp #fyp #xplore_xplore ,False,,loom1233,ğŸ¤ğŸ¤,,,,,,False
7353828314257149227,2024-04-03T22:10:01,42.0,US,"hello sunday sunscreen, glow screen, Supergoop Sunscreen, La Roche Sunscreen, Innisfree Sunscreen, first aid beauty sunscreen, Best Sunscreen For Face, mineral vs chemical sunscreen, tinted sunscreen, La Roche Posay Sunscreen","Beauty,Beauty & Style",31000.0,491.0,387.0,1300000.0,Best sunscreens for everyday use to stock up on during the Sephora Sale! #sunscreen #sunscreenviral #sunscreenreview #sephora #sephorasale #supergoop #dermatologist #shereeneidriss #dridriss  @ShereeneIdriss ,True,,shereeneidriss,ShereeneIdriss,,,,,,False
7359459709792865578,2024-04-19T02:22:33,33.0,US,,"Social Issues,Society",6398.0,196.0,786.0,218000.0,"Air defense can be seen over Isfahan, Iran, shortly after a U.S. official confirmed to ABC News Israeli missiles have hit a site in Iran.",False,,abcnews,ABC News,,,,,,True
7332625795476737323,2024-02-06T17:53:14,7.0,US,"how football players stand, how basketball players stand, how soccer players stand, how real football players stand, Football Player, Footballers, Soccer Player, football athletes, Soccer Tiktok, Athlete",Performance,72300.0,542.0,955.0,558800.0,ğŸ˜‚ğŸ˜‚ğŸ˜‚ğŸ˜‚ #viral #trending #fyp #liltazvert #pushingğŸ…¿ï¸ #taz1x #footballtiktok #d1 #d1athlete #fypã‚·  #blowthisup #sports #athlete #football ,False,,liltazvert,taz william$ jr,,,,,,False
7360302992865709317,2024-04-21T08:54:46,18.0,PH,,"Dance,Talents",157.0,1.0,3.0,6497.0,kapit na kapit yung tsinelas ko sa tiles teh | dc: @ADHIKA @ig: daniellebulot  . #fyp #toobad #toobadchallenge #dance #xyzbca #tiktokph #adhika #dancechallenge #fypã‚· ,False,,camilleolayvar,CJ Olayvar,,,,,,False
7359122794174500101,2024-04-18T04:35:01,5.0,NG,,"Cars, Trucks & Motorcycles,Auto & Vehicle",7.0,0.0,0.0,294.0,#CapCut #videoviral #viraltiktokvideo ,False,,nbamicheal2,NBA Micheal,,,,,,False
7338103935141530885,2024-02-21T12:11:05,8.0,LU,"Corporate Life, Work Life, Luxembourg, Work Life Balance, Work In Abroad Life, Work Desk At Office, Life In Abroad, Life In Corporate Jobs, Me At Work, Office Organization At Work","Lip-sync,Performance",98600.0,14600.0,288.0,1000000.0,2000 bby in the corporate world. ğŸ’¼ #corporatelife #corporatetiktok #corporateworld #bigfour #ey #ernstandyoung #eyluxembourg #workbestie #worklife #workcollegues #luxembourgworkvisa #luxembourgworklife #luxembourglife #jobperks #worklifebalance #workpermit #workpermiteurope #visadetrabajo #permisodetrabajo #latinos #latinoseneuropa  #mexico #luxembourg #liveabroad #lifeabroad #moveabroad #travel #travelblogger #passport #travelpassion #moveabroadtips #moveabroadalone #movefromhome #abroad #abroadlife #abroadstudy #internshipabroad #workabroad #studyabroad #exchangestudent #exchangeyear #exchangefrance #France #travel #liveineurope #mexicanineurope #luxembourg #expat #expatlife #expatlivingabroad #expatliving #erasmus #erasmuslife #erasmusstudent #traveling #culturalshock #mexican #latina #latinaineurope #foreigner #mexico #fyp #foryou #erasmus #fyp #foryou #foryoupage #fyp*/ #atinoseneuropa #latina_vlogabroad,False,,latina_vlogabroad,itâ€™s aline abroad,,,,,,False
7359938327346154758,2024-04-20T09:19:40,7.0,NG,,,1.0,0.0,0.0,163.0,,False,,user30805028190026,user30805028190026,,,,,,False
7359919156956908801,2024-04-20T08:05:24,7.0,NZ,,"Pets,Nature",1.0,0.0,0.0,219.0,#CapCut ,False,,sam533561,sam,,,,,,False
7330324093801073966,2024-01-31T13:02:04,73.0,US,,"Social News,Society",6572.0,539.0,674.0,282000.0,"Senate Judiciary Committee Ranking Member Lindsey Graham (R-SC) said the CEOs of major tech companies have â€œblood on [their] handsâ€ in his opening statement in a hearing examining online child sexual exploitation.   â€œMr. Zuckerberg, you and the companies before us, I know you donâ€™t mean it to be so, but you have blood on your hands,â€ Sen. Graham said. â€œYou have a product thatâ€™s killing people.â€   He called for the repeal of Section 230 of the 1996 Communications Decency Act, which immunizes internet service providers from being held liable for content their users post. #lindseygraham #socialmedia #meta #facebook #instagram #threads #tiktok #senate #cspan",False,,cspanofficial,C-SPAN,,,,,,True
7340721843600379178,2024-02-28T13:30:37,29.0,US,"wrinkled jeans zara, HaulTok, products trending, New Products Trending, Beauty Haul, Drugstore Haul, Perfume Haul, Trending Products To Buy, Review Products, aerie haul","Outfit,Beauty & Style",38100.0,717.0,159.0,1200000.0,guys why do I kinda like them #fyp #viralproduct #foryou #haul ,False,,_giannalove,gianna,,,,,,False
7338889979269106986,2024-02-23T15:01:55,6.0,US,"slugging face, diaper cream on face, triple paste for face, zinc oxide on face, sudocrem for face, Retinol For Beginners, triple paste, What Is Slugging Your Face, slugging skincare, what is slugging","Beauty,Beauty & Style",52200.0,1115.0,1025.0,2300000.0,That girl was me ğŸ˜­ bc who else in their right mind would apply butt paste to their face #facebasting #slugging #vaseline #dermatologist #shereeneidriss #dridriss  @ShereeneIdriss ,False,,shereeneidriss,ShereeneIdriss,,,,,,False
7349308874932964613,2024-03-22T17:51:59,12.0,BR,,"Dance,Talents",101200.0,820.0,226.0,966100.0,,False,,isadora_.nunes,Isadora Nunes,,,,,,False
7355840516979756308,2024-04-09T08:18:12,22.0,AU,"macro friendly cooking, Mac And Cheese, Bulking Meals, Meal Recipes, Food Recipes, Healthy Meal, Healthy Recipe, Healthy Food Recipe, healthy food, Healthy Easy Meals","Mukbangs & Tasting,Lifestyle",156900.0,3245.0,371.0,2000000.0,"Helping you reach your goals while enjoying the foods you love ğŸ’ªğŸ¼â¤ï¸ My NEW digital cook book is OUT NOW! ğŸ“– Whether your goal is to lose fat, build muscle or just eat healthier in general my mission is to show YOU that you do not have to eat bland & boring foods in order to achieve your fitness goals! ğŸ”ğŸŒ®ğŸ”¥ #healthyrecipes #weightloss #lowcalorie #highprotein #easyrecipes #Fitness #fakeaway #foodie #quickrecipes #lowcaloriemeals #highproteinmeals #macrofriendly ",False,,aussiefitness,Aussie Fitness ğŸ‡¦ğŸ‡ºğŸ’ªğŸ¼,,,,,,True
7350152785041689862,2024-03-25T00:26:48,11.0,KE,Fear Of God,,573400.0,8323.0,9142.0,2600000.0,And fear only godâ˜ğŸ¾ğŸ¥°ğŸ«¶,False,,abdallaosman314,Footbollâœ…,,,,,,False
7328485458319674670,2024-01-26T14:07:21,12.0,US,kamelahill,"Finger Dance & Basic Dance,Talents",260500.0,6286.0,3227.0,3400000.0,,False,,kamelahill,Kamela Hill,,,,,,False
7335644224995609899,2024-02-14T21:06:29,11.0,US,"larry bird, basketball videos, Basket Ball, Basketball Players, Basketball Sport, Basketball People, UCLA, basketball skills, larry bird grandson, only basketball","Traditional Sports,Sport & Outdoor",144700.0,390.0,6884.0,2000000.0,bro doesnâ€™t know personelle ğŸ¤¦ğŸ½â€â™‚ï¸ #fyp #ucla #hooper #hoop #basketball #viral ,False,,4kael_,4Kael,,,,,,False
7351984040704068906,2024-03-29T22:53:18,20.0,US,"IPad Keyboard Case, iPad, ipad keyboard case clear, ipad case, ipad keyboard, ipad pro, Wireless Keyboard, iPad (9th Gen), Wireless Keyboard And Ipad, Keyboard For iPad 10th Generation","Tech Products & Infos,Culture & Education & Technology",185400.0,26800.0,1321.0,3500000.0,It can give your iPad a luxurious upgrade.#keyboard #ipadpro #iPad #iPad keyboard,False,,lucynaidun,lucynaidun,,,,,,False
7357758675735366919,2024-04-14T12:21:35,8.0,QA,,"Outfit,Beauty & Style",68.0,2.0,0.0,1520.0,Cardigan sleeves for an extra comfort ğŸ¦ª Shop in-store & online at www.1309studios.com #Ø¹Ø¨Ø§ÙŠØ©  #fashion #abaya #Ù‚Ø·Ø± â€#Ø¹Ø¨Ø§ÙŠØ§Øª_Ø¹ØµØ±ÙŠØ© â€#ØªÙ†Ø³ÙŠÙ‚_Ø§Ù„Ø¹Ø¨Ø§ÙŠØ§Øª â€#Ù…ÙˆØ¯ÙŠÙ„Ø§Øª_Ø¹Ø¨Ø§ÙŠØ§Øª_Ø¬Ø¯ÙŠØ¯Ø© â€#ÙØ§Ø´Ù†_Ø¹Ø¨Ø§ÙŠØ§Øª â€#Ø¹Ø¨Ø§ÙŠØ§Øª_Ø¨Ø£Ù„ÙˆØ§Ù†_Ù…Ø®ØªÙ„ÙØ© â€#Ø¹Ø¨Ø§ÙŠØ§Øª    ,False,,1309studios,1309 studios,,,,,,False
7358628702529359110,2024-04-16T20:37:43,7.0,NG,,"Lip-sync,Performance",16.0,0.0,1.0,136.0,#CapCut ,False,,jenny.berry52,jenny berry,,,,,,False
7342818453268483330,2024-03-05T05:05:53,5.0,AU,"me laughing before telling the joke, Laughing Before The Joke, funny vÃ­deos, Relatable Funny Videos, Funny Joke Videos, laughing out loud, hilarious joke, humor jokes, People With Funny Laughs, people with hilarious laughs laughing",Performance,322800.0,41300.0,1733.0,1500000.0,Funny people are born not made#fypã‚· #fyp #funnypeople #relatable #nostalgic ,False,,mekonnenknife,MkğŸ‡ªğŸ‡¹,,,,,,False
7328897087972592926,2024-01-27T16:44:24,16.0,US,"gender reveals, Baseball Gender Reveal, gender reveal husband ignores wife, gender reveal gone wrong, Gender Reveal Ideas, football gender reveal, hockey gender reveal, Baby Gender Reveal, awkward gender reveal, Gender Party",,2000000.0,7260.0,4432.0,24800000.0,Idk i think the first one might be betterğŸ¤·â€â™€ï¸ğŸ˜‚ #jk #babyboy #singlemom #myworld #fyp #genderreveal ,False,,hannah.j.c16,Hannah,,,,,,False
7359658033489661190,2024-04-19T15:12:01,9.0,NG,,"Romance,Family & Relationship",6.0,0.0,0.0,60.0,#CapCut ,False,,butterfly.bae5,Butterfly ğŸ¦‹ BAE,,,,,,False
7342473065940421930,2024-03-04T06:46:56,6.0,US,"dune 2 popcorn bucket, Dune, poor thing, poor things palomera, poor things boleto, dune sandworms, dune edit, dune 2 trailer, dune: part two, Dune: Part 2 Sandworm Scene","Toys & Collectables,Lifestyle",740600.0,15700.0,3383.0,12700000.0,Dune 2 #dune #dune2 #fyp ,False,,chase.scs,chase.scs,,,,,,False
7339284489270578438,2024-02-24T16:32:17,10.0,MA,"rosemary hair oil, Rosemary Hair Water, how to make rosemary water, rosemary plant, rosemary, how to make rosemary oil, rosemary leaves, rosemary oil, rosemary water for hair growth, rosemary water recipe","Hair,Beauty & Style",141100.0,1941.0,848.0,3200000.0,#rosemary #rosemarywater #rosemaryoilforhairgrowth #rosemarywaterbenefits #rosemaryhairgrowthoil #rosemaryhairgrowthoil #scalpmassage #hairtok #hairtransformation #hairtutorial #haircare #hacks #foryou #fyp #fypã‚· #following #tiktoknow #tiktoksalon #follow #foryou #foryourpage ,False,,ayalafia,Aya Lafia,,,,,,False
7332726002407296299,2024-02-07T00:22:08,6.0,US,"Animation, Animation Drawing, Animation Movie, Animation Procreate, Life Is Like Roblox, scary roblox games, life is roblox, ascent roblox, Sleep Paralysis, axolotl animation minecraft","Video Games,Entertainment",88300.0,5295.0,538.0,527200.0,Pop #pmdamiann #robloxanimation #roblox #fyp #fypdoesntworkbutidoitanyways ,False,,pmdamiann,PMdamiann,,,,,,False
7358956488942980357,2024-04-17T17:49:44,12.0,MX,,"Lip-sync,Performance",43.0,0.0,0.0,346.0,,False,,alisonpea52,ğŸ«¶ğŸ½peÃ±ağŸ’™,,,,,,False
7360247028833733893,2024-04-21T05:17:38,6.0,SL,,Random Shoot,349.0,43.0,80.0,1433.0,,False,,certified_hassan,CoomberğŸ’•ğŸ«‚,,,,,,False
7359960484520463621,2024-04-20T10:45:40,8.0,US,,"Selfies,Lifestyle",482.0,1.0,55.0,2718.0,#cumplo_si_tu_cumples ,False,,lidializbethlande4,Scarlet GuzmÃ¡n,,,,,,False
7347913847673556230,2024-03-18T23:38:34,9.0,CA,"Zawg And Shlawg, classic man by jidenna, Zawg, zawg and shlawg original video, classic man, couch dog, dogs in human clothes, Samoyed Dog, Dogtok, dogs of TikTok","Pets,Nature",6100000.0,722700.0,23800.0,34100000.0,pov youâ€™re little red otw to grandmaâ€™s ğŸº #dog #cutedog #greenfn #rizz #samoyed #0pium #dogtok #fyp #funnydogs #trending ,False,,lumithesamoyed,lumi,,,,,,False
7359925928107166982,2024-04-20T08:31:34,9.0,PH,,,32.0,0.0,2.0,268.0,#tiktoknurse #NOD ğŸ˜·#fypã‚· #foryoupage ,False,,katyacath,Katya Gascon,,,,,,False
7359232453254368518,2024-04-18T11:40:32,26.0,BR,,"Cars, Trucks & Motorcycles,Auto & Vehicle",24.0,0.0,0.0,237.0,#fy #viraliza #daftiktok30 #niveadobrasil #fy #caminhoneiro #cidades #@Rafa Gomes ,False,,qra.lebrao,QRALEBRAO,,,,,,False
7346224820004130091,2024-03-14T10:24:27,46.0,US,,"Social News,Society",59400.0,565.0,2006.0,303800.0,#duet with @JB #jamaalbowman #keeptiktok,False,,underthedesknews,UnderTheDeskNews,,,,,,True
7334394383858519302,1969-12-31T19:00:00,,,,,,,,,,False,,,,,,,,,False
7359841038476840208,2024-04-20T03:02:15,7,AU,,"Lip-sync,Performance",13,1,4,174,Ifykyk ğŸ˜­ #fyp #browngirls #love ,False,,dishaspamz06,Heyy <3,,,,,,False
7341997685618134290,2024-03-03T00:00:54,24,KR,,"Celebrity Clips & Variety Show,Entertainment",220400,1261,1672,776700,ğŸ’šYou addicted I addicted to the NightwalkerğŸŒ¹ğŸŒ™ #TEN #ææ°¸é’¦ #í… #Nightwalker #TAEYONG #íƒœìš© #TAP  #NCT #NCT127 #WayV #å¨ç¥V #Nightwalker #TEN_Nightwalker #TEN_TEN #NCT_TEN_TEN,False,,official_nct,NCT Official,,,,,,True
7353410231499525406,2024-04-02T19:07:31,16,US,"old truck, uncle earl, nickelback truck bed, Old Chevy Truck, Willito Old Truck, New Interior In Old Trucks, emily zeck, emily zeck controversy",Performance,396300,27300,3725,3700000,Me ğŸ¤ğŸ½ uncle earl ,False,,awheckitsemilyzeck,Emily Zeck,,,,,,True
7345184067907849503,2024-03-11T15:06:24,25,US,"swedish candy, candysalad, salad, Gummy Candy, Making Candy, sweets, Candy TikTok, Candy Making Videos, Gummy, gummy food","Cooking,Lifestyle",82000,6551,336,554600,just a girl with a major #sweettooth ğŸ¬ #candysalad #sourcandy #gummycandy #candyasmr #asmr ,False,,leighannk_,leigh | UGC lifestyle creator,,,,,,False
7343372711785172267,2024-03-06T16:56:50,8,US,"joke, black shirt, Tie Dye Shirt, gen z is unserious, aesthetic meaning",Performance,524000,20000,2652,2000000,I laughed at my own joke ngl,False,,fartmaster2100,â„®,,,,,,False
7359135420329774343,2024-04-18T05:24:00,10,OM,,,69,0,4,333,,False,,chimranliaqat7,ch imran liaqat,,,,,,False
7350114051126578462,2024-03-24T21:57:02,10,US,"masquerade, life is like a box of chocolate, life is a box of chocolate, money tree dance, life is a box of chocolates tutorial, life is like a box of chocolate tutorial, masquerade dance tutorial, crisis dance, masquerade tutorial, money tree dance 2020","Lip-sync,Performance",392500,3832,1156,3100000,Replying to @averydduncann mb if i did it wrongâœ‹âœ‹#mollymccall #rileyandmolly #mollyandriley #fyp #dance #lifeislikeaboxofchocolates #olddance ,False,,molly.andriley,Molly,,,,,,False
7336244840558087455,2024-02-16T11:57:48,17,US,,"Social Issues,Society",109800,1883,3619,1100000,Mitt Romney: â€œI will not be voting for former President Trump. I must admit that I find sexual assault to be a line I will not cross in the people I select to be my president.â€ #republican #accountability #gop #nevertrump #never #trump #politics #political #fyp #foryou #washingtondc #conservative #utah #politicaltiktok ,False,,accountablegop,RepublicanVotersAgainstTrump,,,,,,False
7358763419803127048,2024-04-17T05:20:29,15,TH,"cutting up in hallway, hallway christmas lights, Hallway Table, Hallway Wall Decor, Blue Dress In Hallway, Hallway Laundry Room, Hallway Scene, Hallway Decor Ideas, Small Hallway Decor Ideas","Finger Dance & Basic Dance,Talents",54,2,2,643,havent made nearly enough hallway tiktoks this yr :(,False,,annaibruv,annaiiiiiğŸ˜,,,,,,False
7339809614336134402,2024-02-26T02:30:07,15,KR,"RIIZE, Mark Lee, nct wish, nct dream, love 119, wonbin, siren by riize, NCT 127, markno, love 119 sped up","Dance,Talents",935500,7914,6045,3300000,emergency ğŸ’š #RIIZE #ë¼ì´ì¦ˆ #EUNSEOK #ì€ì„ #WONBIN #ì›ë¹ˆ #NCT #NCTDREAM @NCT Official  #MARK #ë§ˆí¬ #JENO #ì œë…¸ #Love119 #RIIZE_Love119,False,,riize_official,RIIZE,,,,,,True
7339742768891219242,2024-02-25T22:10:53,8,US,"v shaped haircut, layered haircut, mid length hair, short hair, v cut haircut, long hair, hair cut, V Shaped Hairstyles, haircut style, Long Hair Haircut","Hair,Beauty & Style",653500,6026,911,7000000,I still dont know why i cut my even long hair off for a v shape cut and its been months ğŸ§ğŸ»â€â™€ï¸,False,,angiexlaraa,angie,,,,,,False
7332830116952820994,2024-02-07T07:06:01,8,AU,"fortnite, loot vacuum fortnite, fortnite with gf, loot vacuum, loot thieves fortnite, vacuum cleaner fortnite, Fortnite New Season, loot princess fortnite, lightsaber fortnite, Fortnite Video","Video Games,Entertainment",1100000,73600,17700,13600000,I regret making her play fortnite ğŸ˜‚ #fyp #fortnite #gaming ,False,,finzys,Finzy,,,,,,False
7345975345985867054,2024-03-13T18:16:37,61,US,,"Video Games,Entertainment",26600,179,153,641600,Worlds Greatest Supermarket #gaming #gamingontiktok #supermarketsimulator ,False,,austinfelt,Austin,,,,,,True
7331434054966840581,2024-02-03T12:48:34,10,PL,"Leg Press, quads workout women, inner leg workout, Goblet Squats, Quads Workout, Glutes Workouts, Bulgarian Splitsquats, sumo squats women, Squats, Squats Exercises","Fitness,Sport & Outdoor",49900,3154,51,1100000,"Diving deep into the squat game â€“ because itâ€™s not just about going down and upâ˜ğŸ» For quads, focus on a deeper squat, engage the glutes by tilting your body forward and driving through the heels, and narrow stance squats for those inner thighs.  Form is everything! ğŸ‹ï¸â€â™‚ï¸ğŸ’¯  outfit @Gym Glamour Olesia10 -10%ğŸ›ï¸ #glutesworkout #lowerbody #squat #glutes #quads #legday #homeworkout #gymworkout #workouttips",False,,olesia__shevchuk,olesia__shevchuk,,,,,,False
7340019802838388014,2024-02-26T16:05:48,13,US,"american horror show, american horror show dance, Snow Wife, hula hoop dance, brandahoops, Hula Hoop Tricks, hoop dancing, Hula Hoop, transitions, hula hoop isolation",Talents,2100000,20600,9091,19000000,"But wait, theres moreâœ¨ #transitions @Astral Hoops #flowarts #hulahoop #hulahoopgirl #thighs #sleeperbuild @SNOW WIFE ",False,,brandahoops,brandahoops,,,,,,False
7333599052103191815,2024-02-09T08:49:52,16,KR,"Keeho, nct official, mark lee, P1Harmony, killin it p1harmony, nct, killin it dance tutorial, keeho p1harmony, NCT 127, keeho and mark","Dance,Talents",1000000,12700,10400,4100000,#NCT #ë§ˆí¬ ì„ ë°°ë‹˜ê³¼ #Killin_It_Challenge ğŸ¤˜ #P1Harmony #í”¼ì›í•˜ëª¨ë‹ˆ #P1H #ë•Œê¹” #Killin_It #ë•Œê¹”ì±Œë¦°ì§€ #NewMusic @NCT Official ,True,,p1harmony,P1Harmony,,,,,,True
7332986596947414315,2024-02-07T17:13:37,60,US,,"Video Games,Entertainment",38100,460,162,668600,Cred: beepteebopsyoutube #spiderman #gta5 #grandtheftauto #grandtheftauto5 #gta5funnymoments #gta5funny #gta5funnymomments #gta5rp #gta5mod #gta5mods #gta5clips #gta5roleplay #gamingontiktok #gamingfyp #gamingfypã‚· #Gamingtips #gamingtips ,False,,delmue_,Gaming Clips,,,,,,False
7347785054153755934,2024-03-18T15:19:46,5,US,"4lifers, 4 Lifers Original Clip, 4 lifers original video now, 4 lifers now, 4 lifers hand sign, 4 lifers original clip guy now, 4liferssssss","Diary & VLOG,Lifestyle",359900,41400,34100,1700000,#fyp #weluvamiri #heyykammy ,False,,weuamiri,â€¦,,,,,,False
7350469105239248174,2024-03-25T20:54:37,41,US,"the girl that hates her boyfriend, i'm not your wife original mitsy, im not your husband video, i'm not your wife, that one girl that hates her bf, misty boyfriend, celsius, Ayesebastien, celsius vibe, sebastien 2019 videos","Romance,Family & Relationship",1600000,34300,2362,10800000,shes just shy ğŸ˜ @CelsiusOfficial #celsiuslivefit #celsiusbrandpartner ,False,,ayesebastien,Sebastien,,,,,,True
7358831681450544401,2024-04-17T09:45:24,17,AE,,Random Shoot,301,6,10,4241,#rainingindubaiğŸ‡¦ğŸ‡ªğŸŒ§ ,False,,pukhtoonlallay,PukhT00NLallaYâ™¡,,,,,,False
7332230501672979754,2024-02-05T16:19:44,10,US,Kennedy,"Social Issues,Society",6006,409,1278,157500,If Israel disappeared #israel #rfkjr #kennedy24 ,False,,teamkennedy2024,Robertâ€‚F.â€‚Kennedyâ€‚Jr,,,,,,True
7359255612879899910,2024-04-18T13:10:24,11,EG,,"Selfies,Lifestyle",35,0,0,274,#EkspresikanDenganCapCut #CapCut ğŸ¤ğŸ¤ğŸ¤,False,,leqaa_samir,ko ky,,,,,,False
7351937085462318382,2024-03-29T19:51:05,19,US,"jennifer coolidge, jennifer coolidge impression, celebrities impressions, Impressions, lips, Celebrity Voice Impressions, Lip Plumpers, jennifer coolidge lip kit, Jennifer Coolidge Young, white lotus jennifer coolidge","Beauty,Beauty & Style",139300,5716,1971,1100000,#stitch with @emlovz â€¢ Dating Coach just make sure the lip injections are cruelty-free & vegan ğŸ‘„ #jennifercoolidge #jennifercoolidgeimpression #celebrityimpressions ,False,,sorshamorava,sorsha â™¥ï¸,,,,,,False
7341095668917783851,2024-02-29T13:40:44,124,US,lloyd austin,"Social News,Society",14300,858,1652,376900,"Rep. Jim Banks (R-IN) on Thursday pressed Defense Secretary Lloyd Austin for failing to promptly notify the White House, lawmakers and senior Pentagon staff about his December cancer diagnosis and subsequent January hospitalization.   â€œAre you surprised the president didnâ€™t call for your resignation?â€ asked Rep. Banks, the chair of the Armed Services Subcommittee on Military Personnel. â€œIâ€™m surprised, but are you surprised that he didnâ€™t call for your resignation?â€   Secretary Austin told him, â€œThe president has expressed full faith and confidence in me.â€   â€œEither the president is that aloof or you are irrelevant. Which one is it?â€ Rep. Banks pressed.   â€œItâ€™s neither,â€ the secretary replied. â€œThe president is not aloof and, and I am, I participate in, in all of the critical decision-making processes.â€   Secretary Austin, who has apologized for the lack of transparency, said he never intended to keep the hospitalization secret and insisted there were never any gaps in authority. #secdef #lloydaustin #jimbanks #pentagon #cspan ",False,,cspanofficial,C-SPAN,,,,,,True
7359730791976307974,2024-04-19T19:54:21,8,CA,,"Lip-sync,Performance",651,26,13,4614,,False,,youdontknowme0460,youdontknowme0460,,,,,,False
7328571373238947118,2024-01-26T19:40:17,71,US,"whats a civil war, states that stand with texas, civil war movie 2024, Texas Highways, austin texas, dallas texas, texas highway trucks, Hill Country Texas, Pearland Texas, Texas Cosby Block","Social Issues,Society",406200,5934,13800,3000000,Everyone needs to know about the situation happening in Texas right now #texas #joebiden #foryou #border ,False,,noahglenncarter,NoahGlennCarter,,,,,,True
7355659740627750162,2024-04-08T20:36:42,7,AU,"Assignment School University, Uni Student, University Life, University Student Life, Sydney University, College University, Melbourne, relatable tiktok videos, Melbourne Australia, University Classroom","Lip-sync,Performance",203300,27600,515,746300,why are uni assignments so hard to start #fyp #foryoupage #foryou #xyzbca #uni #university #school #funny #viral #relatable #trending #dontflop #australia #brisbane #sydney #melbourne ,False,,aaravinho,aaravinho jr II,,,,,,False
7354994514114694405,2024-04-07T01:35:11,12,US,"Running, Amazon Traffic, running scared, run, Running In Traffic Film, la traffic","Outfit,Beauty & Style",492,9,10,6989,currently ordering more stuff i dont need,False,,evdeshort,evie,,,,,,False
7346329152859016453,2024-03-14T17:09:09,20,BR,,"Dance,Talents",5179,38,25,78200,vestido da @meu closet ,False,,isadora_.nunes,Isadora Nunes,,,,,,False
7327357003523820842,2024-01-23T13:08:09,69,US,"i wanna test the game roblox, you never see it coming speed run, how to beat the first level of i wanna test the game, hardest roblox obby, last surprise, how to beat level 1 in i wanna test the game, i wanna test the game (beta test), how to beat i wanna test the game roblox, i wanna test the game stage 2, i wanna test the game level 1","Video Games,Entertainment",1900000,18200,7061,18300000,IT JUST KEPT GETTING WORSE! #roblox #obby ,False,,xbioticz,xBioticz,,,,,,False
7328515836858076459,2024-01-26T16:04:58,25,US,"Lamar Jackson, lamar jackson save us, black hole sun lamar jackson edit, lamar jackson edit, black hole sun, lamar jackson black hole sun, save the soul society lamar jackson, lamar please save us, lamar please all of us are begging, that one lamar jackson edit","Traditional Sports,Sport & Outdoor",269200,2206,1834,1600000,In Lamar we trustğŸ—£ï¸ #lamarjackson #ceeposts #Superbowl #fyp ,False,,ceeposts,Ceepostsâœ­,,,,,,False
7356039120021376302,2024-04-09T21:09:01,59,US,"lactic acid, Latisse Lash Serum, vitamin c, Vitamin C Skincare, Vitamin C Body Wash, Sunscreen Skincare, skin care products, sunscreen, Vit C Skincare, Body Sunscreen","Beauty,Beauty & Style",11800,326,176,192700,Skincare hacks to start today from a board certified dermatologist! ğŸ”¥ #thineyebrows #vitaminc #antiaging #sunscreen #clearskin #latisse #bodywash #dermatologist #shereeneidriss #dridriss #skincaretips  @ShereeneIdriss ,False,,shereeneidriss,ShereeneIdriss,,,,,,False
7343342980490661162,2024-03-06T15:01:50,10,US,".gina.lynn, lemonade alright, Chicken Little, no chick fil a sauce hello kitty, chick fil a, Duck From Chicken Little, hello kitty chick fil a, Lemonade, no chick, No Chick-fil-A Sauce Video Viral","Comics & Cartoon, Anime,Entertainment",7400000,350600,49000,76700000,No Chick Fil A sauce meme but itâ€™s horror,False,,rangojalex,Rango Jalex,,,,,,False
7359587945268923649,2024-04-19T10:40:05,7,NZ,"Valorant Clips, valorant, Valorant Edit, Cypher Valorant, Valorant Montage, Kayo Valorant, Valorant Highlights, Valiant Gameplay, Katarina Valorant, Viper Valorant Edits","Video Games,Entertainment",1555,49,54,12600,i want gf (or bf) #valorant #edit #valorantclips #fy ,False,,liamlayss,liamlayss,,,,,,False
7348070989479021855,2024-03-19T09:48:35,68,US,"Bears, Bear Videos, There's A Man In The Woods, Bears Of TikTok, Bear Running, The Bear, bear closes the door, Bear Crawl, Bear Opening Door, Giant Bear","Social Issues,Society",233200,5897,11200,1500000,Replying to @user2828263738 ,False,,callmebkbk,call me bk,,,,,,False
7354376598365228293,2024-04-05T09:37:21,23,BR,,"Dance,Talents",61400,220,107,405600,dc @Yasmin Galvao @Amanda Barbosa ,False,,juliadouradoo,Juzinha,,,,,,False
7357490451298913542,2024-04-13T19:00:41,12,BR,,"Dance,Talents",31400,673,98,573000,unidunitÃª a escolhida foi vocÃª ğŸ«µğŸ¼ (dc @livinha!Â¡ ) #kauagisley #tutorial #emoji  ,False,,kauagisley,GISLEY,,,,,,False
7334211702524808490,2024-02-11T00:27:41,13,US,"of course we are mother and daughter, kaylee_payment1021, of course were dad and daughters, my daughter is a b of course, ofc were father and daughter, dad and daughters trend, of course, ofc were mom and daughter my daughters a b, were mom and daughter, of course were dad and daughters funny","Lip-sync,Performance",8700000,180400,21300,48200000,he had no mercyğŸ¤ ,False,,kaylee_payment1021,ğŸ¦‹,,,,,,False
7359491975260671238,2024-04-19T04:27:36,11,NG,,,20,0,0,196,#à¸ªà¸›à¸µà¸”à¸ªà¹‚à¸¥à¸§à¹Œ #à¸ªà¹‚à¸¥à¸§à¹Œà¸ªà¸¡à¸¹à¸— ,False,,hairbyapeke1,hairbyapeke1,,,,,,False
7346299812750576942,2024-03-14T15:15:25,14,US,"power of a haircut, Spooderman, Spider Man Mask, haircut, haircut transformation, power of a haircut spiderman, Andrew Garfield, buzz cut, spiderman edit, Spider Man Cosplay","Cosplay,Entertainment",5700000,79400,22300,35700000,ğŸ‘€ #spidermanmask #tasm #andrewgarfield #peterparker #spiderman #transition #marvel #fyp ,False,,joyydesign,Joyydesign,,,,,,False
7339407306200845569,2024-02-25T00:28:58,9,KR,"Nene, nene 2gether, wayv official, nene ten, nene running in heels, Nene Funny Moments, ten out of ten laughing, Ten NCT Funny Moments, ten predebut, season 12 nene","Celebrity Clips & Variety Show,Entertainment",453300,1380,1955,2800000,NG cutğŸ˜† #TEN #ææ°¸é’¦ #í… #LieWithYou  #m1keangelo #å´ç¿Šæ­Œ  #Nene #éƒ‘ä¹ƒé¦¨ #ChuangAsia #ChuangAsia2024 #NCT #WayV #å¨ç¥V #TEN_Nightwalker #TEN_TEN #NCT_TEN_TEN,False,,official_nct,NCT Official,,,,,,True
7333413001292336430,2024-02-08T20:48:08,10,US,"Apple Vision Pro, Robot Dog, apple vision pro footage, apple vision, the future is here, simpson vision pro, Vision Pro, apple vision pro 2024, future, Robots","Pets,Nature",3900000,101700,55500,41300000,the future is hereâ€¦ #applevisionpro #visionpro ,False,,benazelart,Ben Azelart,,,,,,True
7339315832205348142,2024-02-24T18:34:17,8,US,"Supercuts, Supercuts Haircuts, isaac0_024, great clips haircut, mom why did you have to take me to supercuts, sports clips haircut, supercuts bad haircut, supercuts fails, you look good honey, mom supercuts",Performance,1400000,94400,10900,12000000,I been there beforeâ€¦ long story ğŸ™„ #funny #fail #prank #shoutoutot (via isaac0_024/IG) ,False,,overtime,Overtime,,,,,,True
7360327006426320134,2024-04-21T10:27:58,6,SL,"i love my mom, my dad and my mom, mother god",Random Shoot,476,114,184,2354,Who you can't stop loving?? #fypã‚· #fypã‚·ã‚šviral #goviral  #tiktok #foryoupage #wordwide ,False,,joes0270,Amapiano JoesğŸ¤–,,,,,,False
7350535292735999238,2024-03-26T01:11:07,7,KZ,"Volley Ball, Volleyball Clips, volleyball games, volleyball edit, volleyball moments, Volleyball Gameplay, volleyball hitters, Serve In Volleyball, double contact volleyball, Volleyball Highlights","Traditional Sports,Sport & Outdoor",75100,2420,561,894000,ĞšĞ°ĞºĞ°Ñ ĞºĞ¾Ğ¼Ğ±Ğ¸Ğ½Ğ°Ñ†Ğ¸Ñ?#7 #volleyball #fyp #on #Ñ‡Ñ€Ğº ,False,,sardorbekk.1,Sardorbekk.1,,,,,,False
7327473225078672682,2024-01-23T20:38:38,31,US,"girl wrestler, were girl wrestlers, wrestlers, Wrestling TikTok, wrestling tiktok videos, Wrestlingtok, lehighwrestling, wwe women wrestlers, wresting, Wrestling Tournaments","Extreme Sports,Sport & Outdoor",85200,517,404,856300,Itâ€™s just what we do #wrestling #wrestlingtiktok #womenswrestling #girlwrestler #freestyle #collegewrestling #d1womenswrestling #collegewomenswrestling #wrestlelikeagirl #lehighwrestling #growwomenswrestling #wrestlelikeagirl #lehighwrestling #growwomenswrestling #lehighsports #d1wrestling #wrestler #lehigh #collegeathlete #practice ,False,,lehighwomenswrestling,Lehigh Womenâ€™s Wrestling,,,,,,False
7328737591157673217,2024-01-27T06:24:58,17,AU,,,25600,166,210,532300,Without me you wouldn't be that good ğŸ˜‚ #AusOpen #Sabalenka #Funny ,False,,ausopen,Australian Open,,,,,,True
7353459923642125614,2024-04-02T22:20:32,7,US,"ted talks memes, ted talks trend, TED Talk, jonathangasx, focus on your major not minor, ted talk filter screaming guy, focus on your major, college, College Students, College TikTok",Performance,3400000,435500,9089,14200000,â€¦.. ğŸ˜‚ğŸ˜‚ğŸ˜‚ğŸ˜‚ ayo #fyp #real ,False,,jonathangasx,Johnny,,,,,,False
7350036406774910251,2024-03-24T16:55:33,64,US,"riddles, spell candy in 2 letters, how to spell candy in 2 letters real answer, joe mele, spell candy in 2 letters explained, candy in two letters answer, c and y, spell candy in two letters real answer, joe mele girlfriend, riddles challenge",Performance,1400000,44000,26500,25400000,Please wait for it ğŸ˜‚,False,,mmmjoemele,Joe Mele,,,,,,True
7359701621883948294,2024-04-19T18:01:11,10,NG,,Random Shoot,6,0,0,137,,False,,musa.mosez,Musa mosez,,,,,,False
7328271705779080490,2024-01-26T00:17:15,5,US,"cheeseburger, five guys burgers, patty burger, burger, Foodies Of TikTok, food cooking, Five Guys, Burger With Cheese, Trying Five Guys Food, Five Guys Grilled Cheeseburger","Food Display,Lifestyle",79700,819,152,1000000,Five Guys triple patty bacon cheeseburger ğŸ˜ video is already up â¤ï¸ #fiveguys #foodie ,False,,kittyfoodie,Kittyfoodie,,,,,,False
7344324547706981650,2024-03-09T06:30:16,24,KR,"the boyz, younghoon the boyz, younghoon, taeyong, younghoon sullyoon, tap taeyong dance tutorial, younghoon edit, younghoon crying, NCT 127, taeyong lee","Dance,Talents",606200,3195,3490,2400000,"ğ“£ğ“ğ“Ÿ â™ª( 'Ï‰' Ùˆ(Ùˆ"" ğŸ¶ #TAEYONG #íƒœìš© #TAP  #YOUNGHOON #ì˜í›ˆ #THEBOYZ #ë”ë³´ì´ì¦ˆ #TAEYONG_TAP  #NCT #NCT127 #NewMusic",False,,official_nct,NCT Official,,,,,,True
7358796902244125957,2024-04-17T07:30:23,8,PH,,"Lip-sync,Performance",69,1,5,1443,Amandaâ€™s room ğŸ¥°ğŸ€ğŸ‘¹ğŸš¬ #amanda #foryouph #fyp #tiktokph #fypph #roomtour #roomreveal ,False,,omgcupcakez,Martha Dizon,,,,,,False
7359243908485778693,2024-04-18T12:25:01,19,NG,,"Lip-sync,Performance",30,0,3,392,AlayoğŸŒ¹ #thatspecialgirl #finelady,False,,faosallaharamide,FaosallahAramide,,,,,,False
7339990762685238533,2024-02-26T14:12:57,59,CA,"yandere ai girlfriend simulator, evil ai girlfriend, green skull, ai girlfriend escape, convince an ai to leave, AI Animation, ai2u girlfriend, ai game filter, escaping my evil girlfriend actually leaving, aifriend","Video Games,Entertainment",61300,198,174,1100000,"ğŸ˜ˆ EVIL Ai Girlfriend won't LET ME LEAVE! Can I escape? Let's try to convince her my name is ""I'm going to open the door"" #ai #aigirlfriend #greenskull #funny ",False,,greenskulltok,Greenskull,,,,,,False
7340509981763996971,2024-02-27T23:47:56,8,US,"el kev, el kev tongue, saw girl, i saw and she hit me like tadow edit, Curly Hair Side Part, How To Get Curly Hair",,63800,148,158,636100,#à¸ªà¹‚à¸¥à¸§à¹Œà¸ªà¸¡à¸¹à¸— #à¸ªà¸›à¸µà¸”à¸ªà¹‚à¸¥à¸§à¹Œ #à¸ªà¹‚à¸¥à¸§à¹Œà¸ªà¸¡à¸¹à¸— #relatable #fyp #viral #elkev ,False,,x.elkev,el kevv,,,,,,False
7359954132192578821,2024-04-20T10:21:00,10,TR,,"Lip-sync,Performance",17,0,2,232,ğŸ„ğŸ©¸ . . . #sfxmakeup #fakebloood #makeuplook #creepy #art #clown #makeuplook #viral #horror #fyp #acting #mua ,False,,_lost_kite_,ğŸˆâ€â¬›,,,,,,False
7355712895109319941,2024-04-09T00:02:50,6,CA,"solar eclipse incident, eclipse 2024, solar eclipse glass, solar eclipse footage, solar eclipse america, eye doctors after the eclipse, annual solar eclipse, 2024 eclipse footage, eclipse 8 april 2024, solar eclipse shadows",Performance,292200,29200,2940,1900000,#solareclipse #solareclips2024 #fyp #foryou #viral #xyzbca ,False,,1..luca,Å,,,,,,False
7334107758804962606,2024-02-10T17:44:16,14,US,,"Finger Dance & Basic Dance,Talents",412400,2284,1217,3500000,#fypã‚· #fyp #zyxcba #viral #steele #dc @tollie2_offical love thisğŸ˜¹ğŸ˜¹ğŸ˜¹,False,,dc._2x,dc._2x,,,,,,False
7358694504821558533,2024-04-17T00:53:03,12,PK,,"Cars, Trucks & Motorcycles,Auto & Vehicle",226,0,11,1621,Sanwal Hayati hovi#Ø¢Ù„Ø§Ú©ÛŒÙ #Ø§Ù„Ø¨Ù„ÙˆØ´ÛŒ #foryoupage ,False,,tahirbaloch2323,ğŸ’”___ğŸØ§Ù„Ø¨Ù„ÙˆØ´ÛŒğŸ___ğŸ¤•,,,,,,False
7359913949745188113,2024-04-20T07:45:11,19,AU,,"Finger Dance & Basic Dance,Talents",1850,10,56,10900,,False,,_alexandramarasigan,Alexandra,,,,,,False
7335213980144749854,2024-02-13T17:17:23,55,US,"Spider Man Vr Game, bone lab, vr games, spiderman vr, spiderman game, Marvel's Spider-Man Game, Spider-Man Spider, Spider-man Game Teeth, Amazing Spider Man, The Amazing Spider-Man","Video Games,Entertainment",123400,1520,867,4100000,Spider-Man VR TAKES HIS SON TO SCHOOL ğŸ’ğŸ¤·â€â™‚ï¸ #vr #virtualreality #spiderman #gaming ,False,,benbuttv,Benbu,,,,,,False
7345878169783668011,2024-03-13T11:59:42,15,US,"stephen colbert tiktok, stephen colbert, love is blind, jeff jackson tiktok counter, love is blind podcast, sarah ann love is blind, giannina love is blind, josh and monica love is blind, love is blind nick thompson, Lydia Love Is Blind","Celebrity Clips & Variety Show,Entertainment",122300,1054,5906,1200000,#stitch with @Jeff Jackson whaaaaat #keeptiktok #loveisblind #greenscreen ,False,,underthedesknews,UnderTheDeskNews,,,,,,True
7339347957260487979,2024-02-24T20:39:16,56,US,,"Social News,Society",4617,176,1477,119600,"Former President Donald Trump focused on the US border crisis in a speech after becoming the projected winner in South Carolina's Republican primary, defeating former Gov. Nikki Haley. #CNN #trump#southcarolina#southcarolinaprimary",False,,cnn,CNN,,,,,,True
7331025252006300958,2024-02-02T10:23:15,9,US,"pickled vegetable, Pickled Cucumbers, Pickle, why have they pickled cucumbers, how are pickles made, How To Make Pickles, pickled cucumbers lady, pickled carrot, Vegetable, rhianna",Performance,861700,22000,2288,8300000,#stitch with @Rihanna ,False,,tfischer21,Thomas Fischer,,,,,,False
7360378640229485831,2024-04-21T13:48:23,7,EG,"Animation Meme, animation, Steve And Dustin Animation, Steve Harvey Meme, Meme Animation Edits, Steve Play Pool, steve harvey splits meme, green what's your problem, And Your Friend Steve, sorry steve i was bored steve","Comics & Cartoon, Anime,Entertainment",2946,414,31,37800,Whats your problem?! (Animation meme)#comedy #trending #viral #relatable #stevesadventures #foryoupage ,False,,steves.adventure,Steveâ€™s adventures,,,,,,False
7335679190827601158,2024-02-14T23:21:53,13,SG,,"Fitness,Sport & Outdoor",2514,37,8,70700,Cardio routine to get you in shape for summer ğŸ”¥ #running #cardioworkout #workoutroutine #gymtok ,False,,taylerfit,Taylerfit,,,,,,False
7358125279509794053,2024-04-15T12:04:07,8,ZA,,Random Shoot,24,0,0,180,@@Owen Zitha luh  ngisaVumee wena sgebenguuğŸ”¥,False,,andyowndabezitha,Manlight,,,,,,False
7360156536259267857,2024-04-20T23:26:34,12,TH,,Random Shoot,402,6,32,1984,Joiná€á€šá€ºğŸ˜› #shweeain110 #thailandğŸ‡¹ğŸ‡­ #banseanbeach ,False,,shweeain110,shwe eainğŸŒˆğŸ§¸(á€•á€¼á€„á€ºá€¦á€¸á€œá€½á€„á€ºá€á€°),,,,,,False
7359921698944126226,2024-04-20T08:15:12,17,QA,,"Video Games,Entertainment",3,0,0,262,Ù…Ø§Ø¯Ø±ÙŠ Ù„ÙŠØ´ ØºØ¯Ø± â˜¹ï¸. #Ø§Ù„Ù€ÙƒØ¹Ù€Ø¨ÙŠğŸ‡¶ğŸ‡¦ğŸ¤ #fyp #explore #viral #foryoupage #foryou #fypã‚· #fortnite #freefortinte #fortnitemobile ,False,,6vqtr6,Ø§Ù„Ù€ÙƒØ¹Ø¨ÙŠğŸ‡¶ğŸ‡¦ğŸ¤,,,,,,False
7332661347278343467,2024-02-06T20:11:10,60,US,"im 2 days in college, i'm two days into college, jared mccain singing, aimee carty, Jared Mccain, two days into college, i am 2 days into college, 2 days into college lyrics, 2 days into college jared mccain, Jared McCain Edit","Street Interviews & Social Experiments,Society",963200,1817,3019,15600000,@Jaredmccain24 Howâ€™d they do?? #fyp #foryou #jaredmccain #2daysintocollege #aimeecarty #duke #basketball ,False,,ashtonherndon,Ashton Herndon,,,,,,False
7338873419481500971,2024-02-23T13:57:37,10,CA,"whats a bop, pardisscarelllo, Lululemon, Twins, lululemon shoes, Twins Of TikTok, lululemon bags, lululemon candy, Lululemon Collection, new lululemon","Finger Dance & Basic Dance,Talents",202700,605,1721,1600000,Posting a workout routine soonğŸ˜½#pardiss #takemetolax #fyp #twins #twinsoftiktok #lululemoncreator #lululemon #lululemonhaul ,False,,pardisscarelllo,PARDISS,,,,,,False
7343840893096512810,2024-03-07T23:13:35,19,US,"rabanne metal top, micro top, micro mini top, rabanne micro metal top, rabbane micro top, metal mini top, Fashion, Fashion Tok, micro outfit, High Fashion","Outfit,Beauty & Style",210900,1071,899,6200000,This is CRAZYYY ğŸ‘€ I canâ€™t wait to style this with you tomorrow!! #rabanne #metaltop #microminitop #fashiontech #fashiontrends #highfashion #fashiontiktok ,False,,yuyi_chua,Yuyi Chua,,,,,,False
7346636685460917512,2024-03-15T13:02:34,9,SA,,"Video Games,Entertainment",3641,127,54,245000,ÙˆØ¯Ø¹Ùˆ Ø§Ù„Ø¨Ù„ÙŠÙ‡ÙŠ Ùˆ ÙØ±Ø§Ø³ ğŸ¤£ğŸ¤£ğŸ¤£ğŸ’™            #Ø¯Ø±Ø§ÙÙ†âšœï¸ ,False,,.gdna,ã€  Ù…Ø·Ù€â™•Ù€Ù„Ù‚ ã€,,,,,,False
7327648869951507717,2024-01-24T08:00:06,17,UA,"embrace pastel ghosts, trippy visuals, Dream, dreamy effect, Trippy Paintings, Optical Illusion, Ghost Cake Pop, illusions eye effect, In Dreams, Flying Dreams","Professional Special Effects,Talents",1300000,31000,8924,8300000,faÂ¡rÆ´ tÂªÅ‚e wÃ¸rÅ‚d                                                                                                                                                                                                                  #visualeffects #anotherreality #trippycontent #dreams #illusion #trippyart ,False,,shablevskiy,ğŸª ĞœĞ¸Ğ½ÑƒÑ‚Ñ‹ Ğ½ĞµĞ±Ñ‹Ñ‚Ğ¸Ñ ğŸª,,,,,,False
7340437656888724778,2024-02-27T19:07:17,11,US,"Vaseline Lotion, Vaseline Gluta Hya Lotion, Vaseline Body Oil, vaseline gluta hya, Melted Vaseline, big vaseline stick, slugging vaseline, vaseline yellow container, vaseline grandma, Vaseline Cocoa Butter",Performance,395800,13100,6032,2600000,he tryna act all normal ğŸ¤¨ #fyp #viral #foryoupage #foryou ,False,,baxkstreetdree,Dre,,,,,,False
7335565235023056170,2024-02-14T16:00:08,44,US,"Jordan Klepper, the good liars, renee rapp trump, interviewing trump supporters, king trump, daily show trump supporters, klepper interviews, the daily show jordan klepper, jordan klepper interviews, asking trump supporters questions","Movies & TV works,Entertainment",229700,3254,8825,2700000,"Nothing is more American than ""King Trump."" #DailyShow #JordanKlepper #Trump ",False,,thedailyshow,The Daily Show,,,,,,True
7349569980754611502,2024-03-23T10:45:48,24,US,"neewerofficial, Samsung S24 Ultra, neewer camera lens, neewer, Mobile Photography, Camera Lenses, Phone, S24 Ultra, Photography Camera, Photography","Tech Products & Infos,Culture & Education & Technology",65700,10100,924,3100000,Use any one of our 17mm phone lenses with the awesome PA042 phone cage for SAMSUNG S24 Ultra! #neewer #samsungs24ultra #phonecage #shotonphone #phonephotography #videography #filmmaking #contentcreator ,False,,neewerofficial,neewerofficial,,,,,,False
7330617242834504991,2024-02-01T07:59:05,6,US,"high self awareness, over analyze everything, never feeling real, psychology, psychology tiktok, hyper self awareness disorder, Psychology Studies, psychology majors be like, Behavioral Psychology, Practical Psychology","Lip-sync,Performance",37300,273,219,177700,PLS why does my head look like a WII character???! #foryou #psychology #relatable #fyp ,False,,stussytai,TaiğŸ€,,,,,,False
7333425149703736619,2024-02-08T21:35:25,7,US,,Performance,34700,199,170,630100,think he was mesmerized ğŸ˜‚ #tyreekhill #miamidolphins #nfl #nflhonors ,False,,nfl,NFL,,,,,,True
7344887104960285958,2024-03-10T19:53:16,7,CA,"as trend, what does as mean, adultswim, as commercial, what does as, as trend explained, adultswim trend, as trend explication, adultswim commercial",Performance,686800,124,553,10700000,Replying to @â˜…ğ‘ğ®ğ›ğ²â˜… heres a blooper for yall ,False,,jasmine.lochan,jas,,,,,,False
7359869516274306310,2024-04-20T04:52:41,7,XK,,"Cars, Trucks & Motorcycles,Auto & Vehicle",366,6,4,2187,ğŸ–¤ #fyp #viral #motolife #motivation #therapy ,False,,m_apostolou1,m_apostolou1,,,,,,False
7333286189853609259,2024-02-08T12:36:24,6,US,"victor you actually did this, original victor you actually did this, omg victor you actually did this original video, liyah and victor, victor you actually did this trend, Flight Attendant, valentines day, victor you actually did this liyah, Flight Attendant Life, Airplane",Performance,7700000,64200,16900,46700000,Victor rented me the planeâ˜ºï¸ #valentinesday #flightattendant #victoryouactuallydidthis #fyp #fy #foryou #viral #flight #airlinetok ,False,,georginaflys,Georgina | Flight attendant âœˆï¸,,,,,,False
7328666215214288129,2024-01-27T01:48:02,30,AU,"Tennis, tennis match, tennis doubles, tennis girl, Tennis Sport, Tennis Balls, australian open, Us Open Tennis Tournament, US Open, Tennis Player Great Point","Sports News,Sport & Outdoor",257800,3022,697,7900000,Darn good doubles ğŸ‘  #ausopen #tennis #wowow #womensdoubles @ESPN @Eurosport @Wide World of Sports  #staycoolunderpressure #bondisands @Bondi Sands ,False,,ausopen,Australian Open,,,,,,True
7356316529136438574,2024-04-10T15:05:31,26,US,"sketch, what's up brother, sketch what's up brother, check check tuesday impression, sketch tuesday, wassup brother, tuesday tuesday, check tuesday sketch, wassup brother original video, sketch roblox","Scripted Comedy,Performance",255700,5242,1016,3900000,Whatâ€™s up brother! â˜ï¸ğŸ¤“  #sketch #pov #sneakertok #whatsupbrother #tuesday ,False,,kickswithfrank,Stay Focused Frank,,,,,,False
7331776613459217707,2024-02-04T10:58:26,9,US,"just ate half my food, just ate half, just ate half my sandwich, just ate half my food original, ate half, save the other half for later, ate half the sandwich, gonna save the other half for later, Dr Pepper, just eat","Drinks,Lifestyle",1300000,14400,4439,11000000,Someone take me to the er #drpepper ,False,,packjower,Jack Power,,,,,,False
7351014913617202463,2024-03-27T08:13:45,46,US,"Mediheal Toner Pad, Toner Pads, mediheal, Textured Skin, anua toner pad, phyto enzyme peeling pad, Phyto Enzyme Peeling Pad Mediheal, Pads Skincare, toner, mediheal phyto enzyme","Beauty,Beauty & Style",67400,3302,192,811400,Which MEDIHEAL toner is right for you? ğŸ’—ğŸ¤ğŸ©µ I pick them ALL #skincareroutine #damagedbarrier  #skincare #glassskin #glowyskin #kbeauty #pores #tonerpads ,False,,songofskin,Song Of Skin,,,,,,False
7344437657751112990,2024-03-09T13:49:23,13,US,"acrophobia, what is acrophobia, acrophobia test, acrophobia meaning, relaxing views, view, beautiful views, Refreshing Views, Nature Views, Relaxing Nature Videos","Scenery & Plants,Nature",3800000,45800,40400,23600000,relaxing view,False,,megaamerican,mega,,,,,,False
7359875299380661510,2024-04-20T05:15:08,12,PH,,"Lip-sync,Performance",136,28,0,3489,kakalaro to ng lola nyo #ëŠ™ìŒí•„í„° #games #valorantfunny #valorant ,False,,shi.j,shi.j,,,,,,False
7344718272379538730,2024-03-10T08:59:08,14,US,"gluten foods, gluten intolerant, Gluten Free Foods, What Is Gluten, gluten intolerance symptoms, how to know if you are gluten intolerant, gluten bloat, gluten intolerance bloat, Gluten Free, bloated after eating","Diary & VLOG,Lifestyle",3600000,125000,6124,20200000,sometimes i wonder if im a real person #glutenintolerance #jokes #pregnantbelly  ,False,,jemsyy_,jemsy,,,,,,False
7338398634209316103,2024-02-22T07:14:42,19,MY,,"Traditional Sports,Sport & Outdoor",16600,212,88,377000,Only way to stop the ğŸ #messi #goat #laliga #fcbarcelona ,False,,messicompz,messicompz,,,,,,False
7331831178653076742,2024-02-04T14:29:35,12,CA,"Excuse Me Bruh, lacrosse, how old is bella, kylact, bella crawling across the table, bella what did they say, kylact crawling on table, kylact meme table, bella brave crawling on table, kylact what did they say","Traditional Sports,Sport & Outdoor",1400000,26300,14800,18700000,@SaskRush ğŸ’šExcuse me bruhsğŸ˜œ  What an awesome 1st ever lacrosse game experience. Noice win boys! Thanks #SaskRush ! #fyp #foryoupage #excusemebruh #bellabrave #kidstiktok #funny #goodsport #viral #saskatoon #Saskatchewan #lacrosse #win #sports ,False,,kylact,KylaCT,,,,,,True
7359656699919174917,2024-04-19T15:06:50,5,PE,,"Campus Life,Lifestyle",84,8,1,1805,ğŸ¥º#medicina #studiantemedicina #medicinatiktok #student ,False,,medvileee,Medvilleee,,,,,,False
7330096793872731438,2024-01-30T22:19:28,72,US,,"Video Games,Entertainment",29800,47,99,526400,Gmod in 2024 #gmod #gaming ,False,,bubba_tc,Bubba TC,,,,,,False
7354202185120402731,2024-04-04T22:20:38,8,US,"banana fortnite dance, fortnite, shlatfish, pulled up to the function, Fortnite Clips, party party fortnite, party games, this is how you know i pulled up to the function, party party fortnite emote, fortnite emote",Performance,1700000,202100,7733,9800000,Fortnite rizz party gotta be studiedğŸ’€,False,,shlatfish,Shlatfish,,,,,,False
7344155387504987435,2024-03-08T19:34:05,15,US,"biden hq tiktok account, biden ban tiktok, UnderTheDeskNews","Social Issues,Society",79500,2132,2855,1400000,Brosef Joseph what happened there fella?? I got whiplash from the high to low vibes  @Biden-Harris HQ  #keeptiktok ,False,,underthedesknews,UnderTheDeskNews,,,,,,True
7360009818247073029,2024-04-20T13:57:07,7,AR,,"Pets,Nature",10,1,2,137,#CapCut #fypã‚· #fy #fyp #paratiiiiiiiiiiiiiiiiiiiiiiiiiiiiiii #pinchetiktokponmeenparatiğŸ˜˜ #viral #parati #fypagetiktok ,False,,serenito.11,Sere(Lolo's vertion),,,,,,False
7345144080118140178,2024-03-11T12:30:32,21,US,"Homemade Pickles, Pickle, Making Pickles, DIY Pickles, Homemade Dill Pickles, How To Make Pickles, pickle recipe, Pickled Jalapeno, pickle recipe ideas, Homemade Pickles Recipe","Cooking,Lifestyle",3639,1983,52,325000,"Did you know you can whip up homemade pickles in just 5 minutes? ğŸ¥’âœ¨ This dill-icious hack is a game-changer, and don't forget to add jalapeÃ±o for some spicy pickles! ğŸ”¥ #HomemadePickles #Pickles #Picklelover #Viral #Kitchenhacks #Cookinghacks ",False,,recipes,Viral Recipes,,,,,,True
7344794957712084255,2024-03-10T13:56:22,11,US,"guess whose outfit is whos, guess whose outfit is whos firefighter, guess whose outfit, whose outfit is whos, Outfit, guess the tiktoker by their outfit, guess who's outfit is who's trio, Random Outfit Filter, what is the outfit, Pick Your Outfit Edition","Outfit,Beauty & Style",1200000,5442,8111,26100000,Youâ€™ll never guess ğŸ«¢,False,,kayleercaldwell,Kaylee Caldwell,,,,,,False
7359926173066906885,2024-04-20T08:32:30,10,AE,,Random Shoot,35,1,0,407,,False,,za.ad1,ZDâœ¨,,,,,,False
7359198735819197702,2024-04-18T09:29:42,17,MX,,Random Shoot,0,0,0,97,,False,,albertram0,krlos8778,,,,,,False
